Workbook

Sheet Study Register
A2: FRP bridge-deck and slab evidence register
A3: 31 publication records. Reported counts include controls and related reports; they are not additive independent-test counts.
A6: Reference ID | B6: Citation | C6: Evidence class | D6: Response topic | E6: Reported units n | F6: Count definition | G6: Named records extracted n | H6: Test scope | I6: Geometry / scale | J6: Support / restraint | K6: Concrete | L6: Reinforcement | M6: Loading protocol | N6: Reported findings | O6: FRP units n | P6: Steel controls n | Q6: Related program group | R6: Overlap and independence | S6: Unrecovered data / limitations | T6: Online publication date | U6: Issue year | V6: Original row IDs | W6: Source verification | X6: Source locator | Y6: Source URL | Z6: DOI
A7: R002 | B7: Abdul-Salam, B. (2014) | C7: Slab experimental report | D7: One-way shear | E7: 22 | F7: Publication-reported specimens/units; do not sum across related reports | G7: =COUNTIFS(Specimens!$B$7:$B$76,A7) -> 22 | H7: Simply supported shear-critical one-way slabs | I7: length 4000 mm; width 1000 mm; thickness 200 mm; slab span 3500 mm | J7: Simply supported | K7: Not recovered | L7: GFRP; CFRP; Steel | M7: Two equal full-width line loads; four-point bending | N7: Extracted failure loads 188–426 kN. Reported outcomes: Diagonal tension, Shear compression with FRP shearing-off, Diagonal tension with FRP shearing-off, Shear bond, Shear compression, Shear, Flexural compression | O7: 21 | P7: 1 | Q7: Abdul-Salam thesis / 2013 / 2016 | R7: Thesis chapters4,5 and6 overlap:22 unique slabs; 9CFRP in chapter4 and reused subset in chapter5, not additive. Conference2013 and article2016 may report same experimental family. Table3-3 and5-1 have inconsistent Ef and some ratios; no pooled model validation until resolved. | S7: See source and specimen-specific notes | U7: 2014 | V7: 58 | W7: Author-deposited full doctoral thesis Tables3-3,4-1,5-4 | X7: Table3-3 p70, Table4-1 p83, Table5-4 p133 | Y7: https://www.researchgate.net/publication/260165629_BEHAVIOUR_OF_SHEAR_CRITICAL_FRP_REINFORCED_CONCRETE_ONE-WAY_SLABS
A8: R003 | B8: Abdul-Salam, B., Farghaly, A.S., & Benmokrane, B. (2016) | C8: Slab experimental report | D8: One-way shear | F8: Count not recovered | G8: =COUNTIFS(Specimens!$B$7:$B$76,A8) -> 0 | H8: One-way slab experiments and mechanisms; potential thesis/conference overlap. | I8: Not recovered | J8: Not recovered | K8: Not recovered | L8: Not recovered | M8: Not recovered | N8: See cited source; no quantitative result extracted | Q8: Abdul-Salam thesis / 2013 / 2016 | R8: Same experimental family as Abdul-Salam2014; do not count as new tests absent specimen identity comparison. | S8: See source and specimen-specific notes | U8: 2016 | V8: 56 | W8: Publisher bibliographic match; full text not retrieved | X8: Manuscript bibliography | Y8: https://www.sciencedirect.com/science/article/pii/S0950061816316191 | Z8: 10.1016/j.conbuildmat.2016.10.015
A9: R004 | B9: Abdul-Salam, B., Farghaly, A.S., Benmokrane, B. (2013) | C9: Slab experimental report | D9: One-way shear | F9: Count not recovered | G9: =COUNTIFS(Specimens!$B$7:$B$76,A9) -> 0 | H9: CFRP one-way slab conference report; likely subset of 2014 thesis/2016 article. Specimen crosswalk required. | I9: Not recovered | J9: Not recovered | K9: Not recovered | L9: Not recovered | M9: Not recovered | N9: See cited source; no quantitative result extracted | Q9: Abdul-Salam thesis / 2013 / 2016 | R9: CFRP slab report likely subset of Abdul-Salam2014; do not count as independent program. | S9: See source and specimen-specific notes | U9: 2013 | W9: Cited conference paper; exact independent count not verified | X9: Manuscript bibliography
A10: R010 | B10: Aflakisamani, M., Mousa, S., Mohamed, H. M., Ahmed, E. A., & Benmokrane, B. (2023) | C10: Slab experimental report | D10: Serviceability / punching | E10: 4 | F10: Publication-reported specimens/units; do not sum across related reports | G10: =COUNTIFS(Specimens!$B$7:$B$76,A10) -> 0 | H10: LWSCC edge-restrained3 and unrestrained1 full-scale panels | I10: 3000×2500×200mm; concentrated CL-625 wheel simulation | J10: Not recovered | K10: Not recovered | L10: Not recovered | M10: Not recovered | N10: See cited source; no quantitative result extracted | O10: 4 | R10: Full-scale GFRP lightweight SCC bridge-deck laboratory experiments; 2022 conference report in legacy workbook may duplicate. | S10: See source and specimen-specific notes | U10: 2023 | V10: 36 | W10: Primary author/publisher abstract verified; specimen table unavailable | X10: Manuscript bibliography | Y10: https://ascelibrary.org/doi/10.1061/JBENF2.BEENG-5722 | Z10: 10.1061/JBENF2.BEENG-5722
A11: R012 | B11: Al-Sunna, R., Pilakoutas, K., Hajirasouliha, I., & Guadagnini, M. (2012) | C11: Slab experimental report | D11: Deflection | E11: 14 | F11: Slab subset 14 of 28 total beam/slab members | G11: =COUNTIFS(Specimens!$B$7:$B$76,A11) -> 14 | H11: Simply supported one-way slab strips plus separate beam comparator group | I11: length 2350 mm; width 500 mm; thickness 120 mm; slab span 2100 mm | J11: Simply supported | K11: Not recovered | L11: GFRP; CFRP; Steel | M11: Four-point; one service-load cycle then loading to failure | N11: Reported outcomes: Rebar rupture, Almost balanced, Concrete crushing, Reinforcement yielding | O11: 12 | P11: 2 | Q11: Alsunna thesis / Al-Sunna 2012 | R11: Each slab series has a/b replicate; Table5 model ratios are series-level, not 12 independent specimen ratios. Al-Sunna2006 thesis likely same experimental family; do not add counts. | S11: See source and specimen-specific notes | U11: 2012 | W11: Institutional fulltext PDF; Tables1,3–5 and Fig2 verified | X11: Tables1,3,4; manuscript pp.14–15; Fig2 p.17 | Y11: https://eprints.whiterose.ac.uk/id/eprint/85515/1/Deflection%20behaviour%20of%20FRP%20reinforced%20concrete%20beams%20and%20slabs-%20An%20experimental%20investigation.pdf | Z11: 10.1016/j.compositesb.2012.03.007
A12: R015 | B12: Ali, Y. M. S., Wang, X., Guo, H., Liu, S., Li, D., Wu, Z., & Moussa, A. M. A. (2024) | C12: Slab experimental report | D12: Static / fatigue | F12: Count not recovered | G12: =COUNTIFS(Specimens!$B$7:$B$76,A12) -> 0 | H12: BFRP, steel and hybrid bridge-deck slab experiments; possible overlap with Ali 2023 static report in legacy workbook. | I12: Not recovered | J12: Not recovered | K12: Not recovered | L12: Hybrid BFRP/steel | M12: Static and fatigue; effective reinforcement ratio, FRP/steel area ratio, upper fatigue load varied | N12: The abstract reports a regression-based two-million-cycle estimate at an upper fatigue load of 0.34 of static ultimate capacity. This is a model estimate, NOT an observed specimen runout. | R12: Do not infer specimen count or copy the twelve-beam count shown in an unrelated citing-paper preview. | S12: Qualitative fatigue evidence; no individual numerical validation rows | U12: 2024 | V12: 1 | W12: Author paper abstract; full text not obtained | X12: Abstract | Y12: https://www.sciencedirect.com/science/article/abs/pii/S2352012424008592 | Z12: 10.1016/j.istruc.2024.106707
A13: R018 | B13: Alsunna, R. (2006) | C13: Slab experimental report | D13: Deflection | F13: Count not recovered | G13: =COUNTIFS(Specimens!$B$7:$B$76,A13) -> 0 | H13: Thesis involving FRP flexural members; possible overlap with Al-Sunna 2012 mixed beam/slab article. | I13: Not recovered | J13: Not recovered | K13: Not recovered | L13: Not recovered | M13: Not recovered | N13: See cited source; no quantitative result extracted | Q13: Alsunna thesis / Al-Sunna 2012 | R13: Thesis involving FRP flexural members; possible overlap with Al-Sunna 2012 mixed beam/slab article. | S13: Additional specimen geometry, materials and response tables need primary-source extraction | U13: 2006 | W13: Bibliography/title audit; primary details not recovered | X13: Manuscript bibliography
A14: R022 | B14: Benmokrane, B., El-Salakawy, E., El-Ragaby, A., & Lackey, T. (2006) | C14: Field report | D14: Field / serviceability | E14: 1 | F14: field bridge | G14: =COUNTIFS(Specimens!$B$7:$B$76,A14) -> 1 | H14: Morristown Bridge field design and proof testing; failure strength not directly observed. | I14: thickness 230 mm | J14: Not recovered | K14: Not recovered | L14: GFRP | M14: Two calibrated three-axle trucks; 4 single-truck paths plus one paired path; 7 stations, 35 readings/gauge; ambient traffic dynamic response | N14: Named units and measured response records extracted; see Test Results | R14: Morristown Bridge field design and proof testing; failure strength not directly observed. | S14: Field serviceability, construction, loading distribution; no ultimate/fatigue-life validation | U14: 2006 | V14: 16 | W14: User-supplied primary full PDF and author full text | X14: Tables1-2, pp.218-219; field observations pp.220-225 | Y14: https://ascelibrary.org/doi/10.1061/%28ASCE%291084-0702%282006%2911%3A2%28217%29 | Z14: 10.1061/(ASCE)1084-0702(2006)11:2(217)
A15: R023 | B15: Berg, A. C., Bank, L. C., Oliva, M. G., & Russell, J. S. (2006) | C15: Field report | D15: Field / construction / cost | E15: 1 | F15: FRP-reinforced two-span US151 overpass project | G15: =COUNTIFS(Specimens!$B$7:$B$76,A15) -> 0 | H15: Wisconsin bridge construction and cost report; distinguish bar-reinforced deck from formwork system and cost assumptions. | I15: Not recovered | J15: Not recovered | K15: Not recovered | L15: FRP SIP forms, deformed FRP bars, prefabricated pultruded FRP grid | M15: Not recovered | N15: See cited source; no quantitative result extracted | R15: Hybrid structural form/grid/bar system differs from internally bar-reinforced solid slabs. No field test values verified from this paper. | S15: Construction/cost evidence; do not enter into bar-only slab ultimate-load or fatigue validation | U15: 2006 | V15: 15 | W15: Original abstract on paper record | X15: Manuscript bibliography | Y15: https://www.sciencedirect.com/science/article/pii/S0950061805001145 | Z15: 10.1016/j.conbuildmat.2005.02.007
A16: R025 | B16: Bouguerra, K., Ahmed, E. A., El-Gamal, S., & Benmokrane, B. (2011) | C16: Slab experimental report | D16: Punching / CMA | E16: 8 | F16: Publication-reported specimens/units; do not sum across related reports | G16: =COUNTIFS(Specimens!$B$7:$B$76,A16) -> 8 | H16: Edge-restrained full-scale bridge deck panels | I16: length 3000 mm; width 2500 mm; thickness 150–200 mm; slab span 2000 mm | J16: Edge restrained | K16: Not recovered | L16: GFRP; Steel; CFRP | M16: Single central patch; monotonic | N16: Extracted failure loads 362–732 kN. Reported outcomes: Punching shear | O16: 7 | P16: 1 | R16: G-175-N used repeatedly as comparator across four groups; count once. | S16: See source and specimen-specific notes | U16: 2011 | V16: 46 | W16: Bibliography/title audit; primary details not recovered | X16: Tables 1–3; journal pp. 3957–3959 | Y16: https://doi.org/10.1016/j.conbuildmat.2011.04.028 | Z16: 10.1016/j.conbuildmat.2011.04.028
A17: R027 | B17: Carvelli, V., Pisani, M. A., & Poggi, C. (2010) | C17: Slab experimental report | D17: Fatigue / moving load | E17: 4 | F17: full-scale deck specimens | G17: =COUNTIFS(Specimens!$B$7:$B$76,A17) -> 0 | H17: GFRP concrete deck slab fatigue experiments; inspect relation to 2006/other moving-load reports. | I17: Not recovered | J17: Not recovered | K17: Not recovered | L17: GFRP | M17: Moving concentrated loads simulated by two hydraulic jacks; subsequent static loading to failure | N17: See cited source; no quantitative result extracted | R17: Not a continuously rolling tyre test. No individual cycles or residual capacities obtained; do not treat subsequent static failure as fatigue failure. | S17: Qualitative moving-load and residual-static evidence | U17: 2010 | V17: 4 | W17: Original abstract on author paper record | X17: Abstract | Y17: https://www.sciencedirect.com/science/article/pii/S1359836810000910 | Z17: 10.1016/j.compositesb.2010.06.006
A18: R034 | B18: El-Gamal, S. (2005) | C18: Slab experimental report | D18: Punching / CMA | F18: Count not recovered | G18: =COUNTIFS(Specimens!$B$7:$B$76,A18) -> 0 | H18: Thesis; potential overlap with El-Gamal et al. 2005 and other Sherbrooke laboratory papers. | I18: Not recovered | J18: Not recovered | K18: Not recovered | L18: Not recovered | M18: Not recovered | N18: See cited source; no quantitative result extracted | Q18: El-Gamal thesis / 2005 article | R18: Thesis; potential overlap with El-Gamal et al. 2005 and other Sherbrooke laboratory papers. | S18: Additional specimen geometry, materials and response tables need primary-source extraction | U18: 2005 | W18: Bibliography/title audit; primary details not recovered | X18: Manuscript bibliography
A19: R035 | B19: El-Gamal, S., El-Salakawy, E., & Benmokrane, B. (2005) | C19: Slab experimental report | D19: Punching / CMA | E19: 6 | F19: Publication-reported specimens/units; do not sum across related reports | G19: =COUNTIFS(Specimens!$B$7:$B$76,A19) -> 0 | H19: Restrained bridge deck panels | I19: 3000 × 2500 × 200 mm; span2000mm; patch600×250mm | J19: Not recovered | K19: Not recovered | L19: Not recovered | M19: Not recovered | N19: See cited source; no quantitative result extracted | O19: 5 | P19: 1 | Q19: El-Gamal thesis / 2005 article | R19: Potential overlapping thesis El-Gamal2005; legacy G-S2/C-S2 in Elgabbas2016 not new tests. | S19: See source and specimen-specific notes | U19: 2005 | V19: 26 | W19: Primary institution abstract verified; two specimen response rows re-reported in Elgabbas2016 | X19: Manuscript bibliography | Y19: https://squ.elsevierpure.com/en/publications/behavior-of-concrete-bridge-deck-slabs-reinforced-with-fiber-rein/
A20: R036 | B20: El-Ragaby, A., & El-Salakawy, E. F. (2011) | C20: Slab experimental report | D20: Environmental-fatigue | E20: 4 | F20: large-scale GFRP deck slabs | G20: =COUNTIFS(Specimens!$B$7:$B$76,A20) -> 0 | H20: Deck experiments under severe environmental and repeated-load conditions; independent programs/specimens need source-level audit. | I20: Not recovered | J20: Not recovered | K20: Not recovered | L20: GFRP bars | M20: 3,000,000 sinusoidal fatigue cycles combined with 100 freeze-thaw cycles or one month continuous cold exposure | N20: See cited source; no quantitative result extracted | R20: Do not label 3M as failure life. Abstract reports satisfactory post-conditioning behavior. | S20: Environmental-fatigue program evidence; exact specimen geometry, load, temperature, identities unavailable | U20: 2011 | W20: Publisher primary abstract | X20: Publisher abstract; original article pp.1-20 | Y20: https://www.concrete.org/publications/internationalconcreteabstractsportal.aspx?i=51682472&m=details | Z20: 10.14359/51682472
A21: R038 | B21: El-Ragaby, A., El-Salakawy, E., & Benmokrane, B. (2003) | C21: Field report | D21: Wotton field | F21: Count not recovered | G21: =COUNTIFS(Specimens!$B$7:$B$76,A21) -> 0 | H21: Primary Wotton Bridge report; proof/truck loading, not failure test. | I21: Not recovered | J21: Not recovered | K21: Not recovered | L21: GFRP/CFRP per manuscript citation | M21: Not recovered | N21: See cited source; no quantitative result extracted | R21: Do not populate dimensions, proof-load or measured response from unidentified Wotton reports. | S21: Field source register only | U21: 2003 | W21: Bibliographic record in supplied manuscript only; primary text not recovered | X21: Manuscript bibliography
A22: R039 | B22: El-Ragaby, A., El-Salakawy, E., & Benmokrane, B. (2007b) | C22: Slab experimental report | D22: Fatigue life | E22: 5 | F22: full-scale slabs reported by reproduced original abstract | G22: =COUNTIFS(Specimens!$B$7:$B$76,A22) -> 0 | H22: Primary GFRP deck fatigue experimental program; companion 2007a reuses evidence. | I22: Not recovered | J22: Not recovered | K22: Not recovered | L22: GFRP and steel | M22: Concentrated, accelerated variable-amplitude cyclic loading until failure | N22: See cited source; no quantitative result extracted | Q22: El-Ragaby 2007 companions | R22: Five is publication-level count, not additive to six in 2007a. Recovered primary full text required to resolve identity. | S22: Program count requires primary full-text confirmation; no numerical validation rows | U22: 2007 | V22: 7 | W22: Original abstract reproduced in linked-paper preview; primary page inaccessible | X22: Original abstract reproduced in References preview of Noel and Soudki (2014) | Y22: https://ascelibrary.org/doi/10.1061/%28ASCE%291090-0268%282007%2911%3A3%28258%29 | Z22: 10.1061/(ASCE)1090-0268(2007)11:3(258)
A23: R040 | B23: El-Salakawy, E., & Benmokrane, B. (2004) | C23: Slab experimental report | D23: Serviceability | E23: 10 | F23: Publication-reported specimens/units; do not sum across related reports | G23: =COUNTIFS(Specimens!$B$7:$B$76,A23) -> 0 | H23: One-way slab strips under four-point bending | I23: 3100 × 1000 × 200 mm; simply supported clear span 2500 mm; shear span 1000 mm | J23: Not recovered | K23: Not recovered | L23: Not recovered | M23: Not recovered | N23: See cited source; no quantitative result extracted | O23: 8 | P23: 2 | Q23: El-Salakawy2004 / El-Sayed2005b possible overlap | R23: Ten full-size one-way slabs 3100x1000x200 mm per ACI abstract; distinguish one-way test idealization from restrained two-way deck. | S23: See source and specimen-specific notes | U23: 2004 | W23: Primary publisher abstract verified; specimen tables unavailable | X23: Manuscript bibliography | Y23: https://www.concrete.org/publications/internationalconcreteabstractsportal.aspx?ID=13395&m=details | Z23: 10.14359/13395
A24: R041 | B24: El-Salakawy, E., Benmokrane, B., El-Ragaby, A., & Nadeau, D. (2005) | C24: Field report | D24: Cookshire-Eaton field | E24: 1 | F24: field bridge with GFRP and galvanized-steel spans | G24: =COUNTIFS(Specimens!$B$7:$B$76,A24) -> 2 | H24: Primary field bridge investigation; proof-load/service response. | I24: thickness 200 mm | J24: Not recovered | K24: Not recovered | L24: GFRP; galvanized steel | M24: Not recovered | N24: Named units and measured response records extracted; see Test Results | R24: Primary field bridge investigation; proof-load/service response. | S24: Field serviceability only; same bridge paired spans | U24: 2005 | V24: 17 | W24: Author-uploaded full text | X24: Table1/p.471; Fig2/pp.471-472; field results pp.473-475 | Y24: https://ascelibrary.org/doi/10.1061/%28ASCE%291090-0268%282005%299%3A6%28470%29 | Z24: 10.1061/(ASCE)1090-0268(2005)9:6(470)
A25: R043 | B25: El-Sayed, A., El-Salakawy, E., & Benmokrane, B. (2005b) | C25: Slab experimental report | D25: One-way shear | E25: 8 | F25: Publication-reported specimens/units; do not sum across related reports | G25: =COUNTIFS(Specimens!$B$7:$B$76,A25) -> 0 | H25: One-way slabs | I25: 3100×1000×200mm | J25: Not recovered | K25: Not recovered | L25: Not recovered | M25: Not recovered | N25: See cited source; no quantitative result extracted | O25: 8 | Q25: El-Salakawy2004 / El-Sayed2005b possible overlap | R25: Very likely reanalysis of8FRP slabs from El-Salakawy2004(10=8FRP+2steel):identical geometry/type counts and shared authors. Flag possible overlap; do not assume18 independent slabs. | S25: See source and specimen-specific notes | U25: 2005 | W25: Primary author abstract verified; full table unavailable | X25: Manuscript bibliography | Y25: https://ascelibrary.com/doi/abs/10.1061/%28ASCE%291090-0268%282005%299%3A2%28147%29 | Z25: 10.1061/(ASCE)1090-0268(2005)9:2(147)
A26: R044 | B26: Elgabbas, F., Ahmed, E., & Benmokrane, B. (2016) | C26: Slab experimental report | D26: Punching / CMA | E26: 7 | F26: Publication-reported specimens/units; do not sum across related reports | G26: =COUNTIFS(Specimens!$B$7:$B$76,A26) -> 7 | H26: Restrained bridge-deck panels plus one unrestrained comparator | I26: length 3000 mm; width 2500 mm; thickness 200 mm; slab span 2000 mm | J26: Edge restrained; Unrestrained | K26: Not recovered | L26: Steel; BFRP | M26: Single central patch; monotonic | N26: Extracted failure loads 436.4–739.6 kN. Reported outcomes: Punching shear | O26: 6 | P26: 1 | R26: G-S2 and C-S2 in Table 3 are El-Gamal2005 legacy comparison specimens; not additional Elgabbas2016 specimens. | S26: See source and specimen-specific notes | U26: 2016 | V26: 31 | W26: User-supplied original journal PDF; also author full text | X26: Tables 1–3; PDF pp. 4, 5, 9 | Y26: https://doi.org/10.1061/(ASCE)BE.1943-5592.0000892 | Z26: 10.1061/(ASCE)BE.1943-5592.0000892
A27: R048 | B27: Gao, C., Tauskela, L., & Fam, A. (2024) | C27: Slab experimental report | D27: Rolling / pulsating fatigue | E27: 1 | F27: physical bridge deck with two compared GFRP test sections | G27: =COUNTIFS(Specimens!$B$7:$B$76,A27) -> 2 | H27: Direct full-scale GFRP deck comparison under different fatigue loading paths. | I27: length 15240 mm; width 3890 mm | J27: Not recovered | K27: Not recovered | L27: GFRP | M27: Rolling load; Fixed-point pulsating load | N27: Reported outcomes: No fatigue failure reported in accessible abstract; stopped cycle count, not Nf | R27: Stiffness-loss percentages reported in abstract (71% rolling and 54% pulsating) should not be mislabeled as residual k/k0. R/P equivalence is metric- and protocol-specific, not universal traffic conversion. | S27: Same-bridge paired loading-mode evidence, not two independent bridge specimens | U27: 2024 | W27: Original abstract on author paper record | X27: Abstract | Y27: https://ascelibrary.org/doi/10.1061/JCCOF2.CCENG-4608 | Z27: 10.1061/JCCOF2.CCENG-4608
A28: R055 | B28: Ju, M., Oh, H., & Sim, J. (2017) | C28: Slab experimental report | D28: Variable-amplitude fatigue | F28: Count not recovered | G28: =COUNTIFS(Specimens!$B$7:$B$76,A28) -> 0 | H28: CFRP-reinforced deck slab cyclic experiments; distinguish tested variable amplitude from validated Miner law. | I28: Not recovered | J28: Not recovered | K28: Not recovered | L28: CFRP | M28: Variable-amplitude cyclic loading; equivalent-cycle indirect fatigue assessment | N28: See cited source; no quantitative result extracted | R28: Abstract explicitly states failure cycle count unknown. Equivalent cycles and observed fatigue failure life must not be conflated. | S28: Qualitative variable-amplitude/indirect-life evidence | U28: 2017 | W28: Publisher primary abstract | X28: Abstract | Y28: https://link.springer.com/article/10.1007/s12205-016-1494-1 | Z28: 10.1007/s12205-016-1494-1
A29: R058 | B29: Mahroug, M., Ashour, A. F., & Lam, D. (2014) | C29: Slab experimental report | D29: Serviceability / continuous slabs | F29: Count not recovered | G29: =COUNTIFS(Specimens!$B$7:$B$76,A29) -> 0 | H29: Continuous BFRP concrete slabs; generic slab laboratory evidence, not full bridge-system restraint. | I29: Not recovered | J29: Not recovered | K29: Not recovered | L29: Not recovered | M29: Not recovered | N29: See cited source; no quantitative result extracted | R29: Continuous BFRP concrete slabs; generic slab laboratory evidence, not full bridge-system restraint. | S29: Additional specimen geometry, materials and response tables need primary-source extraction | U29: 2014 | W29: Bibliography/title audit; primary details not recovered | X29: Manuscript bibliography
A30: R060 | B30: Michaluk, C. R., Rizkalla, S. H., Tadros, G., and Benmokrane, B. (1998) | C30: Slab experimental report | D30: One-way flexure | E30: 8 | F30: Publication-reported specimens/units; do not sum across related reports | G30: =COUNTIFS(Specimens!$B$7:$B$76,A30) -> 8 | H30: Simply supported one-way slabs | I30: 3500×1000×150/200mm; clear span3000mm; cover38mm | J30: Simply supported | K30: Not recovered | L30: Steel; GFRP; CFRP | M30: Four-point bending; full-width line supports | N30: Extracted failure loads 47.1–259.1 kN. Reported outcomes: Yielding then concrete crushing, FRP rupture, Shear of GFRP at major crack, Bond slip | O30: 6 | P30: 2 | R30: Eight one-way slabs with glass, carbon and conventional steel reinforcement per ACI primary abstract; correct pages353–365 (manuscript145–157 is wrong). | S30: See source and specimen-specific notes | U30: 1998 | W30: Full original article deposited on Academia; Tables1–4 pp355,358 | X30: Tables1–2 p355; Tables3–4 p358 | Y30: https://www.concrete.org/publications/internationalconcreteabstractsportal.aspx?id=552&m=details | Z30: 10.14359/552
A31: R066 | B31: Rossini, M., Cadenazzi, T., Nolan, S., & Nanni, A. (2019) | C31: Field report | D31: Halls River field | F31: Count not recovered | G31: =COUNTIFS(Specimens!$B$7:$B$76,A31) -> 0 | H31: Field demonstration / construction report; no deck punching failure tests. | I31: Not recovered | J31: Not recovered | K31: Not recovered | L31: Not recovered | M31: Not recovered | N31: See cited source; no quantitative result extracted | R31: Field demonstration / construction report; no deck punching failure tests. | S31: Additional specimen geometry, materials and response tables need primary-source extraction | U31: 2019 | W31: Bibliography/title audit; primary details not recovered | X31: Manuscript bibliography
A32: R073 | B32: Zheng, Y., Sun, C., Deng, T., et al. (2014) | C32: Slab experimental report | D32: Punching / CMA | F32: Count not recovered | G32: =COUNTIFS(Specimens!$B$7:$B$76,A32) -> 0 | H32: One-third-scale restrained GFRP deck experiments and arching model; same investigator group as 2012, independence must be reported cautiously. | I32: one-third | J32: Not recovered | K32: concrete | L32: GFRP | M32: static concentrated loading | N32: Higher lateral restraint stiffness increased punching strength and reduced FRP strain; transition from flexural punching to shear punching reported. | Q32: Zheng 2012 / 2014 potential reuse | R32: Combines current tests and literature tests for model assessment. Check specimen overlap with Zheng2012 and later NLFEA papers before aggregation. | S32: Exact primary specimen identifiers, counts, dimensions, material values and individual loads require full text. | U32: 2014 | W32: Primary publisher abstract; full text restricted | X32: Publisher abstract | Y32: https://link.springer.com/article/10.1007/s13369-014-1450-7 | Z32: 10.1007/s13369-014-1450-7
A33: R074 | B33: Zheng, Y., Taylor, S. E., Zhou, L., Grattan, S., Sonebi, M., & Liao, J. (2024) | C33: Field report | D33: Thompson Bridge field | E33: 6 | F33: Publication-reported specimens/units; do not sum across related reports | G33: =COUNTIFS(Specimens!$B$7:$B$76,A33) -> 6 | H33: Six proof-loaded panels: four BFRP and two steel. All sustained 400 kN without failure. Separate from SCC simulation and lab programs. | I33: thickness 160 mm; slab span 1400–1600 mm | J33: Integral skew bridge; W-beam support and continuity; restraint stiffness not quantified | K33: SCC | L33: BFRP/steel | M33: static central circular 300-mm bearing contact; service tests then maximum 400 kN | N33: No observed ultimate failure through 400 kN. Recorded strength is a right-censored lower bound, not an ultimate load. | O33: 4 | P33: 2 | Q33: Thompson Bridge field panels | R33: One Thompson Bridge, six loading locations. Do not count each panel as independent bridge or duplicate field data from Zhou2018 FE paper. | S33: Individual effective depths, clear cover and bar spacings not verified in extracted material; preserve as unknown. | U33: 2024 | V33: 11 | W33: Primary open-access published PDF text; tables extracted | X33: Sections 3.1-3.4; Tables 2-3, printed pp.4-6 (PDF pp.5-7) | Y33: https://pureadmin.qub.ac.uk/ws/portalfiles/portal/559489876/1-s2.0-S2214509524001943-main.pdf | Z33: 10.1016/j.cscm.2024.e03043
A34: R075 | B34: Zheng, Y., Yu, G.Y., & Pan, Y. (2012) | C34: Slab experimental report | D34: Punching / CMA | F34: Count not recovered | G34: =COUNTIFS(Specimens!$B$7:$B$76,A34) -> 0 | H34: GFRP deck laboratory experiments and ultimate-strength model; audit reuse in 2014 and numerical followups. | I34: one-third | J34: Not recovered | K34: Not recovered | L34: GFRP | M34: static bridge-deck tests | N34: See cited source; no quantitative result extracted | Q34: Zheng 2012 / 2014 potential reuse | R34: Potential companion/reanalysis linkage with Zheng2014 and Zheng2013 numerical papers; unresolved. | S34: Exact specimen IDs/count and individual geometries, strengths, reinforcement properties and loads unavailable. | U34: 2012 | V34: 39 | W34: Primary publisher metadata/section preview; full text unavailable | X34: Publisher indexed abstract and section preview | Y34: https://www.sciencedirect.com/science/article/abs/pii/S0950061811005228 | Z34: 10.1016/j.conbuildmat.2011.09.002
A35: R077 | B35: Zheng, Y., Zhou, L., Taylor, S.E., & Ma, H. (2019) | C35: Slab experimental report | D35: Serviceability | F35: Count not recovered | G35: =COUNTIFS(Specimens!$B$7:$B$76,A35) -> 0 | H35: BFRP HVFA-SCC one-way slab study with NC controls. Earlier author manuscript identifies this as a Fig.6 source program; exact plotted specimen and concrete matrix remain unverified. | I35: full | J35: Not recovered | K35: HVFA-SCC; normal concrete control | L35: BFRP and steel control | M35: four-point bending | N35: Assesses deflection, cracking load, crack spacing and crack-width models; proposes a revised maximum-crack-width relation. | R35: BFRP HVFA-SCC one-way slab study with NC controls. Earlier author manuscript identifies this as a Fig.6 source program; exact plotted specimen and concrete matrix remain unverified. | S35: Exact count, specimen IDs, geometries, material values, response records, curve identifier and calibration/validation division. | U35: 2019 | V35: 49 | W35: Primary author repository metadata and abstract; full text not available | X35: Author institutional repository abstract | Y35: https://pure.qub.ac.uk/en/publications/serviceability-of-one-way-high-volume-fly-ash-self-compacting-con/ | Z35: 10.1016/j.conbuildmat.2019.05.044
A36: R078 | B36: Zheng, Y., Zhou, L.Z., Xia, L.P., et al. (2018) | C36: Slab experimental report | D36: Punching / CMA | E36: 6 | F36: Publication-reported specimens/units; do not sum across related reports | G36: =COUNTIFS(Specimens!$B$7:$B$76,A36) -> 0 | H36: SCC BFRP deck laboratory experiments; must not be merged with Thompson field proof panels. | I36: half | J36: Not recovered | K36: SCC | L36: BFRP | M36: single central concentrated load to failure | N36: All six half-scale deck specimens reportedly failed in punching. | R36: Laboratory study extends Thompson Bridge concept; six laboratory slabs are not the six field panels in Zheng2024. | S36: Individual specimen IDs, dimensions, FRP properties, restraint and ultimate loads require original full text. | U36: 2018 | V36: 42 | W36: Study abstract only; no individual records extracted | X36: Author abstract reproduced in author publication listing; publisher metadata verified | Y36: https://www.sciencedirect.com/science/article/pii/S0141029618300920 | Z36: 10.1016/j.engstruct.2018.05.105
A37: R080 | B37: Zhou, L., Dong, P., Zheng, Y., Song, G., & Wang, X. (2020) | C37: Slab experimental report | D37: Serviceability | E37: 11 | F37: Publication-reported specimens/units; do not sum across related reports | G37: =COUNTIFS(Specimens!$B$7:$B$76,A37) -> 0 | H37: Eleven full-scale one-way HVFA-SCC slabs with NC controls; online2020, issue2021. Earlier author manuscript identifies the GFRP source program; plotted specimen and matrix remain unverified. | I37: full | J37: Not recovered | K37: HVFA-SCC and NC control | L37: GFRP and control reinforcement | M37: four-point bending | N37: 19-mm GFRP bars enlarged maximum cracks in tested HVFA-SCC slabs; similar broad structural response to NC control; model comparison includes cracking load, capacity, crack width/spacing and deflection. | Q37: Zhou online 2020 / issue 2021 | R37: Eleven full-scale one-way HVFA-SCC slabs with NC controls; online2020, issue2021. Earlier author manuscript identifies the GFRP source program; plotted specimen and matrix remain unverified. | S37: Exact specimen IDs, individual geometries/materials and response records; author correspondence or primary PDF needed to resolve current Figure6. | T37: 2020-09-09 | U37: 2021 | W37: Primary publisher metadata and abstract; full text restricted | X37: Publisher abstract; Volume 1 Issue 1 (2021), pp. 160-182 | Y37: https://www.eurekaselect.com/article/109839 | Z37: 10.2174/2210298101666200909160857

Sheet Model Benchmark
A2: Elgabbas 2016 published punching-load ratios
A3: Six BFRP slabs from one laboratory. Published ratios are rounded; five restrained slabs and one unrestrained slab remain distinct.
A6: Unit ID | B6: Reference ID | C6: Source specimen | D6: Lateral restraint | E6: Measured ultimate load (kN) | F6: Published measured / predicted: CSA S806-12 | G6: Published measured / predicted: ACI440.1R-06 | H6: Reciprocal predicted / measured: CSA | I6: Reciprocal predicted / measured: ACI | J6: Interpretation | K6: Source locator | L6: Source URL
A7: R044-S2-B | B7: R044 | C7: S2-B | D7: Edge restrained | E7: 548.3 | F7: 0.92 | G7: 1.53 | H7: =1/F7 -> 1.0869565 | I7: =1/G7 -> 0.65359477 | J7: Published ratios rounded to 2 decimal places. No model equation was independently recalculated. | K7: Table 3 | L7: https://doi.org/10.1061/(ASCE)BE.1943-5592.0000892
A8: R044-S3-B | B8: R044 | C8: S3-B | D8: Edge restrained | E8: 664.6 | F8: 1.13 | G8: 1.86 | H8: =1/F8 -> 0.88495575 | I8: =1/G8 -> 0.53763441 | J8: Published ratios rounded to 2 decimal places. No model equation was independently recalculated. | K8: Table 3 | L8: https://doi.org/10.1061/(ASCE)BE.1943-5592.0000892
A9: R044-S4-B | B9: R044 | C9: S4-B | D9: Edge restrained | E9: 565.9 | F9: 1 | G9: 1.64 | H9: =1/F9 -> 1 | I9: =1/G9 -> 0.6097561 | J9: Published ratios rounded to 2 decimal places. No model equation was independently recalculated. | K9: Table 3 | L9: https://doi.org/10.1061/(ASCE)BE.1943-5592.0000892
A10: R044-S5-B | B10: R044 | C10: S5-B | D10: Edge restrained | E10: 716.4 | F10: 1.06 | G10: 1.67 | H10: =1/F10 -> 0.94339623 | I10: =1/G10 -> 0.5988024 | J10: Published ratios rounded to 2 decimal places. No model equation was independently recalculated. | K10: Table 3 | L10: https://doi.org/10.1061/(ASCE)BE.1943-5592.0000892
A11: R044-S6-B | B11: R044 | C11: S6-B | D11: Edge restrained | E11: 575.8 | F11: 1.22 | G11: 2.23 | H11: =1/F11 -> 0.81967213 | I11: =1/G11 -> 0.44843049 | J11: Published ratios rounded to 2 decimal places. No model equation was independently recalculated. | K11: Table 3 | L11: https://doi.org/10.1061/(ASCE)BE.1943-5592.0000892
A12: R044-S7-B | B12: R044 | C12: S7-B | D12: Unrestrained | E12: 436.4 | F12: 0.93 | G12: 1.69 | H12: =1/F12 -> 1.0752688 | I12: =1/G12 -> 0.59171598 | J12: Published ratios rounded to 2 decimal places. No model equation was independently recalculated. | K12: Table 3 | L12: https://doi.org/10.1061/(ASCE)BE.1943-5592.0000892
A16: Model | B16: Restraint stratum | C16: n | D16: Mean measured / predicted | E16: Sample COV | F16: Prediction exceeds test: fraction
A17: CSA S806-12 | B17: Restrained S2–S6 | C17: =COUNT(F7:F11) -> 5 | D17: =AVERAGE(F7:F11) -> 1.066 | E17: =_xludf.STDEV.S(F7:F11)/AVERAGE(F7:F11) -> #NAME? | F17: =COUNTIFS(F7:F11,"<1")/COUNT(F7:F11) -> 0.2
A18: ACI440.1R-06 | B18: Restrained S2–S6 | C18: =COUNT(G7:G11) -> 5 | D18: =AVERAGE(G7:G11) -> 1.786 | E18: =_xludf.STDEV.S(G7:G11)/AVERAGE(G7:G11) -> #NAME? | F18: =COUNTIFS(G7:G11,"<1")/COUNT(G7:G11) -> 0
A19: CSA S806-12 | B19: Unrestrained S7 | C19: =COUNT(F12:F12) -> 1 | D19: =AVERAGE(F12:F12) -> 0.93 | E19: n.a. | F19: =COUNTIFS(F12:F12,"<1")/COUNT(F12:F12) -> 1
A20: ACI440.1R-06 | B20: Unrestrained S7 | C20: =COUNT(G12:G12) -> 1 | D20: =AVERAGE(G12:G12) -> 1.69 | E20: n.a. | F20: =COUNTIFS(G12:G12,"<1")/COUNT(G12:G12) -> 0

Sheet Service Benchmark
A2: Al-Sunna 2012 published deflection-model ratios
A3: Six FRP slab series, each with a/b replicates. Published ratios are series-level comparisons at two load states.
A6: Comparison ID | B6: Reference ID | C6: Source series | D6: Load state | E6: Prediction model | F6: Published predicted / measured deflection | G6: Record definition | H6: Source locator | I6: Source URL
A7: R012-SC1-Service-ACI 440.1R-06 | B7: R012 | C7: SC1 | D7: Service | E7: ACI 440.1R-06 | F7: 1.08 | G7: Published SERIES-LEVEL ratio. Do not replicate to specimen a and b, or describe as raw specimen-level reanalysis. | H7: Table5; accepted manuscript p.16 | I7: https://eprints.whiterose.ac.uk/id/eprint/85515/1/Deflection%20behaviour%20of%20FRP%20reinforced%20concrete%20beams%20and%20slabs-%20An%20experimental%20investigation.pdf
A8: R012-SC2-Service-ACI 440.1R-06 | B8: R012 | C8: SC2 | D8: Service | E8: ACI 440.1R-06 | F8: 0.61 | G8: Published SERIES-LEVEL ratio. Do not replicate to specimen a and b, or describe as raw specimen-level reanalysis. | H8: Table5; accepted manuscript p.16 | I8: https://eprints.whiterose.ac.uk/id/eprint/85515/1/Deflection%20behaviour%20of%20FRP%20reinforced%20concrete%20beams%20and%20slabs-%20An%20experimental%20investigation.pdf
A9: R012-SC3-Service-ACI 440.1R-06 | B9: R012 | C9: SC3 | D9: Service | E9: ACI 440.1R-06 | F9: 0.71 | G9: Published SERIES-LEVEL ratio. Do not replicate to specimen a and b, or describe as raw specimen-level reanalysis. | H9: Table5; accepted manuscript p.16 | I9: https://eprints.whiterose.ac.uk/id/eprint/85515/1/Deflection%20behaviour%20of%20FRP%20reinforced%20concrete%20beams%20and%20slabs-%20An%20experimental%20investigation.pdf
A10: R012-SG1-Service-ACI 440.1R-06 | B10: R012 | C10: SG1 | D10: Service | E10: ACI 440.1R-06 | F10: 1.18 | G10: Published SERIES-LEVEL ratio. Do not replicate to specimen a and b, or describe as raw specimen-level reanalysis. | H10: Table5; accepted manuscript p.16 | I10: https://eprints.whiterose.ac.uk/id/eprint/85515/1/Deflection%20behaviour%20of%20FRP%20reinforced%20concrete%20beams%20and%20slabs-%20An%20experimental%20investigation.pdf
A11: R012-SG2-Service-ACI 440.1R-06 | B11: R012 | C11: SG2 | D11: Service | E11: ACI 440.1R-06 | F11: 0.66 | G11: Published SERIES-LEVEL ratio. Do not replicate to specimen a and b, or describe as raw specimen-level reanalysis. | H11: Table5; accepted manuscript p.16 | I11: https://eprints.whiterose.ac.uk/id/eprint/85515/1/Deflection%20behaviour%20of%20FRP%20reinforced%20concrete%20beams%20and%20slabs-%20An%20experimental%20investigation.pdf
A12: R012-SG3-Service-ACI 440.1R-06 | B12: R012 | C12: SG3 | D12: Service | E12: ACI 440.1R-06 | F12: 0.65 | G12: Published SERIES-LEVEL ratio. Do not replicate to specimen a and b, or describe as raw specimen-level reanalysis. | H12: Table5; accepted manuscript p.16 | I12: https://eprints.whiterose.ac.uk/id/eprint/85515/1/Deflection%20behaviour%20of%20FRP%20reinforced%20concrete%20beams%20and%20slabs-%20An%20experimental%20investigation.pdf
A13: R012-SC1-Service-Benmokrane et al.1996 | B13: R012 | C13: SC1 | D13: Service | E13: Benmokrane et al.1996 | F13: 1.13 | G13: Published SERIES-LEVEL ratio. Do not replicate to specimen a and b, or describe as raw specimen-level reanalysis. | H13: Table5; accepted manuscript p.16 | I13: https://eprints.whiterose.ac.uk/id/eprint/85515/1/Deflection%20behaviour%20of%20FRP%20reinforced%20concrete%20beams%20and%20slabs-%20An%20experimental%20investigation.pdf
A14: R012-SC2-Service-Benmokrane et al.1996 | B14: R012 | C14: SC2 | D14: Service | E14: Benmokrane et al.1996 | F14: 1.05 | G14: Published SERIES-LEVEL ratio. Do not replicate to specimen a and b, or describe as raw specimen-level reanalysis. | H14: Table5; accepted manuscript p.16 | I14: https://eprints.whiterose.ac.uk/id/eprint/85515/1/Deflection%20behaviour%20of%20FRP%20reinforced%20concrete%20beams%20and%20slabs-%20An%20experimental%20investigation.pdf
A15: R012-SC3-Service-Benmokrane et al.1996 | B15: R012 | C15: SC3 | D15: Service | E15: Benmokrane et al.1996 | F15: 1.13 | G15: Published SERIES-LEVEL ratio. Do not replicate to specimen a and b, or describe as raw specimen-level reanalysis. | H15: Table5; accepted manuscript p.16 | I15: https://eprints.whiterose.ac.uk/id/eprint/85515/1/Deflection%20behaviour%20of%20FRP%20reinforced%20concrete%20beams%20and%20slabs-%20An%20experimental%20investigation.pdf
A16: R012-SG1-Service-Benmokrane et al.1996 | B16: R012 | C16: SG1 | D16: Service | E16: Benmokrane et al.1996 | F16: 1.1 | G16: Published SERIES-LEVEL ratio. Do not replicate to specimen a and b, or describe as raw specimen-level reanalysis. | H16: Table5; accepted manuscript p.16 | I16: https://eprints.whiterose.ac.uk/id/eprint/85515/1/Deflection%20behaviour%20of%20FRP%20reinforced%20concrete%20beams%20and%20slabs-%20An%20experimental%20investigation.pdf
A17: R012-SG2-Service-Benmokrane et al.1996 | B17: R012 | C17: SG2 | D17: Service | E17: Benmokrane et al.1996 | F17: 1.24 | G17: Published SERIES-LEVEL ratio. Do not replicate to specimen a and b, or describe as raw specimen-level reanalysis. | H17: Table5; accepted manuscript p.16 | I17: https://eprints.whiterose.ac.uk/id/eprint/85515/1/Deflection%20behaviour%20of%20FRP%20reinforced%20concrete%20beams%20and%20slabs-%20An%20experimental%20investigation.pdf
A18: R012-SG3-Service-Benmokrane et al.1996 | B18: R012 | C18: SG3 | D18: Service | E18: Benmokrane et al.1996 | F18: 1.42 | G18: Published SERIES-LEVEL ratio. Do not replicate to specimen a and b, or describe as raw specimen-level reanalysis. | H18: Table5; accepted manuscript p.16 | I18: https://eprints.whiterose.ac.uk/id/eprint/85515/1/Deflection%20behaviour%20of%20FRP%20reinforced%20concrete%20beams%20and%20slabs-%20An%20experimental%20investigation.pdf
... A42: R012-SG3-Ultimate-Eurocode2 / Bischoff | B42: R012 | C42: SG3 | D42: Ultimate | E42: Eurocode2 / Bischoff | F42: 0.86 | G42: Published SERIES-LEVEL ratio. Do not replicate to specimen a and b, or describe as raw specimen-level reanalysis. | H42: Table5; accepted manuscript p.16 | I42: https://eprints.whiterose.ac.uk/id/eprint/85515/1/Deflection%20behaviour%20of%20FRP%20reinforced%20concrete%20beams%20and%20slabs-%20An%20experimental%20investigation.pdf
A47: Model | B47: Load state | C47: Series n | D47: Mean predicted / measured | E47: Sample COV | F47: Underpredicted deflection fraction
A48: ACI 440.1R-06 | B48: Service | C48: =COUNT(F7:F12) -> 6 | D48: =AVERAGE(F7:F12) -> 0.815 | E48: =_xludf.STDEV.S(F7:F12)/AVERAGE(F7:F12) -> #NAME? | F48: =COUNTIFS(F7:F12,"<1")/COUNT(F7:F12) -> 0.66666667
A49: Benmokrane et al.1996 | B49: Service | C49: =COUNT(F13:F18) -> 6 | D49: =AVERAGE(F13:F18) -> 1.1783333 | E49: =_xludf.STDEV.S(F13:F18)/AVERAGE(F13:F18) -> #NAME? | F49: =COUNTIFS(F13:F18,"<1")/COUNT(F13:F18) -> 0
A50: Eurocode2 / Bischoff | B50: Service | C50: =COUNT(F19:F24) -> 6 | D50: =AVERAGE(F19:F24) -> 0.85 | E50: =_xludf.STDEV.S(F19:F24)/AVERAGE(F19:F24) -> #NAME? | F50: =COUNTIFS(F19:F24,"<1")/COUNT(F19:F24) -> 1
A51: ACI 440.1R-06 | B51: Ultimate | C51: =COUNT(F25:F30) -> 6 | D51: =AVERAGE(F25:F30) -> 0.83166667 | E51: =_xludf.STDEV.S(F25:F30)/AVERAGE(F25:F30) -> #NAME? | F51: =COUNTIFS(F25:F30,"<1")/COUNT(F25:F30) -> 1
A52: Benmokrane et al.1996 | B52: Ultimate | C52: =COUNT(F31:F36) -> 6 | D52: =AVERAGE(F31:F36) -> 1.02 | E52: =_xludf.STDEV.S(F31:F36)/AVERAGE(F31:F36) -> #NAME? | F52: =COUNTIFS(F31:F36,"<1")/COUNT(F31:F36) -> 0.16666667
A53: Eurocode2 / Bischoff | B53: Ultimate | C53: =COUNT(F37:F42) -> 6 | D53: =AVERAGE(F37:F42) -> 0.86333333 | E53: =_xludf.STDEV.S(F37:F42)/AVERAGE(F37:F42) -> #NAME? | F53: =COUNTIFS(F37:F42,"<1")/COUNT(F37:F42) -> 1

Sheet Specimens
A2: Named experimental units with geometry and material data
A3: Named records recovered from cited sources. Laboratory slabs, field panels and bridge test zones are identified separately.
A6: Unit ID | B6: Reference ID | C6: Source specimen / unit | D6: Record type | E6: Program / bridge ID | F6: Reinforcement | G6: Concrete | H6: Length (mm) | I6: Width (mm) | J6: Thickness h (mm) | K6: Effective depth d (mm) | L6: Span (mm) | M6: Shear span a (mm) | N6: a/d | O6: Concrete strength (MPa) | P6: Strength-test basis | Q6: Bar diameter (mm) | R6: Bar designation | S6: Bar spacing (mm) | T6: Reinforcement ratio (%) | U6: Reinforcement modulus (GPa) | V6: Bar strength (MPa) | W6: Bar-strength basis | X6: Bottom cover (mm) | Y6: Top cover (mm) | Z6: Contact length (mm) | AA6: Contact width (mm) | AB6: Contact diameter (mm) | AC6: Support / restraint | AD6: Loading | AE6: Failure / outcome | AF6: Data limitations and notes | AG6: Verification level | AH6: Source locator | AI6: Source URL
A7: R044-S1-S | B7: R044 | C7: S1-S | D7: Laboratory specimen | E7: ELG2016 | F7: Steel | H7: 3000 | I7: 2500 | J7: 200 | L7: 2000 | O7: 48.81 | P7: Compression-test basis not extracted; no cube-cylinder conversion | R7: 15M | S7: 150 | T7: 0.8 | U7: 200 | V7: 450 | W7: Steel yield strength | X7: 25 | Y7: 30 | Z7: 600 | AA7: 250 | AC7: Edge restrained | AD7: Single central patch; monotonic | AE7: Punching shear | AF7: Dash in Table3; text states not cracked at service load. Not coded as measured zero. Steel yield strength | AG7: Primary table transcription | AH7: Tables 1–3 (PDF pp. 4, 5, 9) | AI7: https://doi.org/10.1061/(ASCE)BE.1943-5592.0000892
A8: R044-S2-B | B8: R044 | C8: S2-B | D8: Laboratory specimen | E8: ELG2016 | F8: BFRP | H8: 3000 | I8: 2500 | J8: 200 | L8: 2000 | O8: 48.81 | P8: Compression-test basis not extracted; no cube-cylinder conversion | Q8: 16 | S8: 150 | T8: 0.8 | U8: 64.8 | V8: 1724 | W8: As reported; FRP rupture versus steel yield must be retained | X8: 25 | Y8: 30 | Z8: 600 | AA8: 250 | AC8: Edge restrained | AD8: Single central patch; monotonic | AE8: Punching shear | AG8: Primary table transcription | AH8: Tables 1–3 (PDF pp. 4, 5, 9) | AI8: https://doi.org/10.1061/(ASCE)BE.1943-5592.0000892
A9: R044-S3-B | B9: R044 | C9: S3-B | D9: Laboratory specimen | E9: ELG2016 | F9: BFRP | H9: 3000 | I9: 2500 | J9: 200 | L9: 2000 | O9: 42.2 | P9: Compression-test basis not extracted; no cube-cylinder conversion | Q9: 12 | S9: 85 | T9: 0.79 | U9: 69.3 | V9: 1760 | W9: As reported; FRP rupture versus steel yield must be retained | X9: 25 | Y9: 30 | Z9: 600 | AA9: 250 | AC9: Edge restrained | AD9: Single central patch; monotonic | AE9: Punching shear | AF9: Dash in Table3; text states not cracked at service load. Not coded as measured zero. | AG9: Primary table transcription | AH9: Tables 1–3 (PDF pp. 4, 5, 9) | AI9: https://doi.org/10.1061/(ASCE)BE.1943-5592.0000892
A10: R044-S4-B | B10: R044 | C10: S4-B | D10: Laboratory specimen | E10: ELG2016 | F10: BFRP | H10: 3000 | I10: 2500 | J10: 200 | L10: 2000 | O10: 42.2 | P10: Compression-test basis not extracted; no cube-cylinder conversion | Q10: 16 | S10: 150 | T10: 0.8 | U10: 64.8 | V10: 1724 | W10: As reported; FRP rupture versus steel yield must be retained | X10: 25 | Y10: 30 | Z10: 600 | AA10: 250 | AC10: Edge restrained | AD10: Single central patch; monotonic | AE10: Punching shear | AF10: No top reinforcement. Dash in Table3; text states not cracked at service load. Not coded as measured zero. | AG10: Primary table transcription | AH10: Tables 1–3 (PDF pp. 4, 5, 9) | AI10: https://doi.org/10.1061/(ASCE)BE.1943-5592.0000892
A11: R044-S5-B | B11: R044 | C11: S5-B | D11: Laboratory specimen | E11: ELG2016 | F11: BFRP | H11: 3000 | I11: 2500 | J11: 200 | L11: 2000 | O11: 47.9 | P11: Compression-test basis not extracted; no cube-cylinder conversion | Q11: 16 | S11: 100 | T11: 1.2 | U11: 64.8 | V11: 1724 | W11: As reported; FRP rupture versus steel yield must be retained | X11: 25 | Y11: 30 | Z11: 600 | AA11: 250 | AC11: Edge restrained | AD11: Single central patch; monotonic | AE11: Punching shear | AG11: Primary table transcription | AH11: Tables 1–3 (PDF pp. 4, 5, 9) | AI11: https://doi.org/10.1061/(ASCE)BE.1943-5592.0000892
A12: R044-S6-B | B12: R044 | C12: S6-B | D12: Laboratory specimen | E12: ELG2016 | F12: BFRP | H12: 3000 | I12: 2500 | J12: 200 | L12: 2000 | O12: 47.9 | P12: Compression-test basis not extracted; no cube-cylinder conversion | Q12: 16 | S12: 300 | T12: 0.4 | U12: 64.8 | V12: 1724 | W12: As reported; FRP rupture versus steel yield must be retained | X12: 25 | Y12: 30 | Z12: 600 | AA12: 250 | AC12: Edge restrained | AD12: Single central patch; monotonic | AE12: Punching shear | AF12: Pre-existing cracks possible; crack-width LVDT malfunctioned after 220 kN; ultimate crack width is missing, not zero. | AG12: Primary table transcription | AH12: Tables 1–3 (PDF pp. 4, 5, 9) | AI12: https://doi.org/10.1061/(ASCE)BE.1943-5592.0000892
A13: R044-S7-B | B13: R044 | C13: S7-B | D13: Laboratory specimen | E13: ELG2016 | F13: BFRP | H13: 3000 | I13: 2500 | J13: 200 | L13: 2000 | O13: 47.9 | P13: Compression-test basis not extracted; no cube-cylinder conversion | Q13: 16 | S13: 300 | T13: 0.4 | U13: 64.8 | V13: 1724 | W13: As reported; FRP rupture versus steel yield must be retained | X13: 25 | Y13: 30 | Z13: 600 | AA13: 250 | AC13: Unrestrained | AD13: Single central patch; monotonic | AE13: Punching shear | AF13: Dash in Table3; text states not cracked at service load. Not coded as measured zero. | AG13: Primary table transcription | AH13: Tables 1–3 (PDF pp. 4, 5, 9) | AI13: https://doi.org/10.1061/(ASCE)BE.1943-5592.0000892
A14: R025-G-200-N | B14: R025 | C14: G-200-N | D14: Laboratory specimen | E14: BOU2011 | F14: GFRP | H14: 3000 | I14: 2500 | J14: 200 | L14: 2000 | O14: 49.1 | P14: Compression-test basis not extracted; no cube-cylinder conversion | Q14: 19.1 | S14: 150 | T14: 1.2 | U14: 44.5 | V14: 637 | W14: As reported; FRP rupture versus steel yield must be retained | X14: 25 | Y14: 25 | Z14: 600 | AA14: 250 | AC14: Edge restrained | AD14: Single central patch; monotonic | AE14: Punching shear | AG14: Author-deposited primary full text, table transcription | AH14: Tables 1–3; journal pp. 3957–3959 | AI14: https://doi.org/10.1016/j.conbuildmat.2011.04.028
A15: R025-G-175-N | B15: R025 | C15: G-175-N | D15: Laboratory specimen | E15: BOU2011 | F15: GFRP | H15: 3000 | I15: 2500 | J15: 175 | L15: 2000 | O15: 35.2 | P15: Compression-test basis not extracted; no cube-cylinder conversion | Q15: 15.9 | S15: 115 | T15: 1.2 | U15: 41.6 | V15: 778 | W15: As reported; FRP rupture versus steel yield must be retained | X15: 25 | Y15: 25 | Z15: 600 | AA15: 250 | AC15: Edge restrained | AD15: Single central patch; monotonic | AE15: Punching shear | AG15: Author-deposited primary full text, table transcription | AH15: Tables 1–3; journal pp. 3957–3959 | AI15: https://doi.org/10.1016/j.conbuildmat.2011.04.028
A16: R025-G-150-N | B16: R025 | C16: G-150-N | D16: Laboratory specimen | E16: BOU2011 | F16: GFRP | H16: 3000 | I16: 2500 | J16: 150 | L16: 2000 | O16: 35.2 | P16: Compression-test basis not extracted; no cube-cylinder conversion | Q16: 15.9 | S16: 140 | T16: 1.2 | U16: 41.6 | V16: 778 | W16: As reported; FRP rupture versus steel yield must be retained | X16: 25 | Y16: 25 | Z16: 600 | AA16: 250 | AC16: Edge restrained | AD16: Single central patch; monotonic | AE16: Punching shear | AG16: Author-deposited primary full text, table transcription | AH16: Tables 1–3; journal pp. 3957–3959 | AI16: https://doi.org/10.1016/j.conbuildmat.2011.04.028
A17: R025-G-175-H | B17: R025 | C17: G-175-H | D17: Laboratory specimen | E17: BOU2011 | F17: GFRP | H17: 3000 | I17: 2500 | J17: 175 | L17: 2000 | O17: 64.8 | P17: Compression-test basis not extracted; no cube-cylinder conversion | Q17: 15.9 | S17: 115 | T17: 1.2 | U17: 41.6 | V17: 778 | W17: As reported; FRP rupture versus steel yield must be retained | X17: 25 | Y17: 25 | Z17: 600 | AA17: 250 | AC17: Edge restrained | AD17: Single central patch; monotonic | AE17: Punching shear | AG17: Author-deposited primary full text, table transcription | AH17: Tables 1–3; journal pp. 3957–3959 | AI17: https://doi.org/10.1016/j.conbuildmat.2011.04.028
A18: R025-G-175-N-0.7 | B18: R025 | C18: G-175-N-0.7 | D18: Laboratory specimen | E18: BOU2011 | F18: GFRP | H18: 3000 | I18: 2500 | J18: 175 | L18: 2000 | O18: 53.1 | P18: Compression-test basis not extracted; no cube-cylinder conversion | Q18: 15.9 | S18: 200 | T18: 0.7 | U18: 41.6 | V18: 778 | W18: As reported; FRP rupture versus steel yield must be retained | X18: 25 | Y18: 25 | Z18: 600 | AA18: 250 | AC18: Edge restrained | AD18: Single central patch; monotonic | AE18: Punching shear | AG18: Author-deposited primary full text, table transcription | AH18: Tables 1–3; journal pp. 3957–3959 | AI18: https://doi.org/10.1016/j.conbuildmat.2011.04.028
A19: R025-G-175-N-0.35 | B19: R025 | C19: G-175-N-0.35 | D19: Laboratory specimen | E19: BOU2011 | F19: GFRP | H19: 3000 | I19: 2500 | J19: 175 | L19: 2000 | O19: 53.1 | P19: Compression-test basis not extracted; no cube-cylinder conversion | Q19: 12.7 | S19: 255 | T19: 0.35 | U19: 41 | V19: 769 | W19: As reported; FRP rupture versus steel yield must be retained | X19: 25 | Y19: 25 | Z19: 600 | AA19: 250 | AC19: Edge restrained | AD19: Single central patch; monotonic | AE19: Punching shear | AG19: Author-deposited primary full text, table transcription | AH19: Tables 1–3; journal pp. 3957–3959 | AI19: https://doi.org/10.1016/j.conbuildmat.2011.04.028
A20: R025-S-175-N | B20: R025 | C20: S-175-N | D20: Laboratory specimen | E20: BOU2011 | F20: Steel | H20: 3000 | I20: 2500 | J20: 175 | L20: 2000 | O20: 42.3 | P20: Compression-test basis not extracted; no cube-cylinder conversion | Q20: 11.3 | S20: 230 | T20: 0.3 | U20: 200 | V20: 453 | W20: As reported; FRP rupture versus steel yield must be retained | X20: 25 | Y20: 25 | Z20: 600 | AA20: 250 | AC20: Edge restrained | AD20: Single central patch; monotonic | AE20: Punching shear | AG20: Author-deposited primary full text, table transcription | AH20: Tables 1–3; journal pp. 3957–3959 | AI20: https://doi.org/10.1016/j.conbuildmat.2011.04.028
A21: R025-C-175-N | B21: R025 | C21: C-175-N | D21: Laboratory specimen | E21: BOU2011 | F21: CFRP | H21: 3000 | I21: 2500 | J21: 175 | L21: 2000 | O21: 40.3 | P21: Compression-test basis not extracted; no cube-cylinder conversion | Q21: 9.5 | S21: 125 | T21: 0.4 | U21: 122 | V21: 1444 | W21: As reported; FRP rupture versus steel yield must be retained | X21: 25 | Y21: 25 | Z21: 600 | AA21: 250 | AC21: Edge restrained | AD21: Single central patch; monotonic | AE21: Punching shear | AG21: Author-deposited primary full text, table transcription | AH21: Tables 1–3; journal pp. 3957–3959 | AI21: https://doi.org/10.1016/j.conbuildmat.2011.04.028
A22: R012-SG1a | B22: R012 | C22: SG1a | D22: Laboratory specimen | E22: ALS2012 | F22: GFRP | H22: 2350 | I22: 500 | J22: 120 | L22: 2100 | M22: 750 | O22: 51 | P22: Cube strength; no conversion | Q22: 6.35 | T22: 0.35 | U22: 38.9 | V22: 600 | W22: As reported; FRP rupture versus steel yield must be retained | X22: 27.5 | AC22: Simply supported | AD22: Four-point; one service-load cycle then loading to failure | AE22: Rebar rupture | AF22: Concrete strength is CUBE strength; do not treat as cylinder fc. Nominal reinforcement ratio reported per series; actual cover differs. No numerical raw ultimate load or deflection extracted from curves. | AG22: Primary table transcription | AH22: Tables1,3,4; manuscript pp.14–15; Fig2 p.17 | AI22: https://eprints.whiterose.ac.uk/id/eprint/85515/1/Deflection%20behaviour%20of%20FRP%20reinforced%20concrete%20beams%20and%20slabs-%20An%20experimental%20investigation.pdf
A23: R012-SG1b | B23: R012 | C23: SG1b | D23: Laboratory specimen | E23: ALS2012 | F23: GFRP | H23: 2350 | I23: 500 | J23: 120 | L23: 2100 | M23: 750 | O23: 51 | P23: Cube strength; no conversion | Q23: 6.35 | T23: 0.35 | U23: 38.9 | V23: 600 | W23: As reported; FRP rupture versus steel yield must be retained | X23: 27.5 | AC23: Simply supported | AD23: Four-point; one service-load cycle then loading to failure | AE23: Rebar rupture | AF23: Concrete strength is CUBE strength; do not treat as cylinder fc. Nominal reinforcement ratio reported per series; actual cover differs. No numerical raw ultimate load or deflection extracted from curves. | AG23: Primary table transcription | AH23: Tables1,3,4; manuscript pp.14–15; Fig2 p.17 | AI23: https://eprints.whiterose.ac.uk/id/eprint/85515/1/Deflection%20behaviour%20of%20FRP%20reinforced%20concrete%20beams%20and%20slabs-%20An%20experimental%20investigation.pdf
A24: R012-SG2a | B24: R012 | C24: SG2a | D24: Laboratory specimen | E24: ALS2012 | F24: GFRP | H24: 2350 | I24: 500 | J24: 120 | L24: 2100 | M24: 750 | O24: 46.2 | P24: Cube strength; no conversion | Q24: 9.53 | T24: 0.79 | U24: 42.8 | V24: 665 | W24: As reported; FRP rupture versus steel yield must be retained | X24: 31 | AC24: Simply supported | AD24: Four-point; one service-load cycle then loading to failure | AE24: Almost balanced | AF24: Concrete strength is CUBE strength; do not treat as cylinder fc. Nominal reinforcement ratio reported per series; actual cover differs. No numerical raw ultimate load or deflection extracted from curves. | AG24: Primary table transcription | AH24: Tables1,3,4; manuscript pp.14–15; Fig2 p.17 | AI24: https://eprints.whiterose.ac.uk/id/eprint/85515/1/Deflection%20behaviour%20of%20FRP%20reinforced%20concrete%20beams%20and%20slabs-%20An%20experimental%20investigation.pdf
A25: R012-SG2b | B25: R012 | C25: SG2b | D25: Laboratory specimen | E25: ALS2012 | F25: GFRP | H25: 2350 | I25: 500 | J25: 120 | L25: 2100 | M25: 750 | O25: 46.2 | P25: Cube strength; no conversion | Q25: 9.53 | T25: 0.79 | U25: 42.8 | V25: 665 | W25: As reported; FRP rupture versus steel yield must be retained | X25: 31 | AC25: Simply supported | AD25: Four-point; one service-load cycle then loading to failure | AE25: Almost balanced | AF25: Concrete strength is CUBE strength; do not treat as cylinder fc. Nominal reinforcement ratio reported per series; actual cover differs. No numerical raw ultimate load or deflection extracted from curves. | AG25: Primary table transcription | AH25: Tables1,3,4; manuscript pp.14–15; Fig2 p.17 | AI25: https://eprints.whiterose.ac.uk/id/eprint/85515/1/Deflection%20behaviour%20of%20FRP%20reinforced%20concrete%20beams%20and%20slabs-%20An%20experimental%20investigation.pdf
A26: R012-SG3a | B26: R012 | C26: SG3a | D26: Laboratory specimen | E26: ALS2012 | F26: GFRP | H26: 2350 | I26: 500 | J26: 120 | L26: 2100 | M26: 750 | O26: 45.9 | P26: Cube strength; no conversion | Q26: 19.05 | T26: 3.33 | U26: 42 | V26: 670 | W26: As reported; FRP rupture versus steel yield must be retained | X26: 40 | AC26: Simply supported | AD26: Four-point; one service-load cycle then loading to failure | AE26: Concrete crushing | AF26: Concrete strength is CUBE strength; do not treat as cylinder fc. Nominal reinforcement ratio reported per series; actual cover differs. No numerical raw ultimate load or deflection extracted from curves. | AG26: Primary table transcription | AH26: Tables1,3,4; manuscript pp.14–15; Fig2 p.17 | AI26: https://eprints.whiterose.ac.uk/id/eprint/85515/1/Deflection%20behaviour%20of%20FRP%20reinforced%20concrete%20beams%20and%20slabs-%20An%20experimental%20investigation.pdf
A27: R012-SG3b | B27: R012 | C27: SG3b | D27: Laboratory specimen | E27: ALS2012 | F27: GFRP | H27: 2350 | I27: 500 | J27: 120 | L27: 2100 | M27: 750 | O27: 45.9 | P27: Cube strength; no conversion | Q27: 19.05 | T27: 3.33 | U27: 42 | V27: 670 | W27: As reported; FRP rupture versus steel yield must be retained | X27: 40 | AC27: Simply supported | AD27: Four-point; one service-load cycle then loading to failure | AE27: Concrete crushing | AF27: Concrete strength is CUBE strength; do not treat as cylinder fc. Nominal reinforcement ratio reported per series; actual cover differs. No numerical raw ultimate load or deflection extracted from curves. | AG27: Primary table transcription | AH27: Tables1,3,4; manuscript pp.14–15; Fig2 p.17 | AI27: https://eprints.whiterose.ac.uk/id/eprint/85515/1/Deflection%20behaviour%20of%20FRP%20reinforced%20concrete%20beams%20and%20slabs-%20An%20experimental%20investigation.pdf
A28: R012-SC1a | B28: R012 | C28: SC1a | D28: Laboratory specimen | E28: ALS2012 | F28: CFRP | H28: 2350 | I28: 500 | J28: 120 | L28: 2100 | M28: 750 | O28: 50.1 | P28: Cube strength; no conversion | Q28: 6.35 | T28: 0.28 | U28: 133 | V28: 1450 | W28: As reported; FRP rupture versus steel yield must be retained | X28: 31 | AC28: Simply supported | AD28: Four-point; one service-load cycle then loading to failure | AE28: Rebar rupture | AF28: Concrete strength is CUBE strength; do not treat as cylinder fc. Nominal reinforcement ratio reported per series; actual cover differs. No numerical raw ultimate load or deflection extracted from curves. | AG28: Primary table transcription | AH28: Tables1,3,4; manuscript pp.14–15; Fig2 p.17 | AI28: https://eprints.whiterose.ac.uk/id/eprint/85515/1/Deflection%20behaviour%20of%20FRP%20reinforced%20concrete%20beams%20and%20slabs-%20An%20experimental%20investigation.pdf
A29: R012-SC1b | B29: R012 | C29: SC1b | D29: Laboratory specimen | E29: ALS2012 | F29: CFRP | H29: 2350 | I29: 500 | J29: 120 | L29: 2100 | M29: 750 | O29: 50.1 | P29: Cube strength; no conversion | Q29: 6.35 | T29: 0.28 | U29: 133 | V29: 1450 | W29: As reported; FRP rupture versus steel yield must be retained | X29: 33 | AC29: Simply supported | AD29: Four-point; one service-load cycle then loading to failure | AE29: Rebar rupture | AF29: Concrete strength is CUBE strength; do not treat as cylinder fc. Nominal reinforcement ratio reported per series; actual cover differs. No numerical raw ultimate load or deflection extracted from curves. | AG29: Primary table transcription | AH29: Tables1,3,4; manuscript pp.14–15; Fig2 p.17 | AI29: https://eprints.whiterose.ac.uk/id/eprint/85515/1/Deflection%20behaviour%20of%20FRP%20reinforced%20concrete%20beams%20and%20slabs-%20An%20experimental%20investigation.pdf
A30: R012-SC2a | B30: R012 | C30: SC2a | D30: Laboratory specimen | E30: ALS2012 | F30: CFRP | H30: 2350 | I30: 500 | J30: 120 | L30: 2100 | M30: 750 | O30: 51 | P30: Cube strength; no conversion | Q30: 9.53 | T30: 0.63 | U30: 132 | V30: 1320 | W30: As reported; FRP rupture versus steel yield must be retained | X30: 38 | AC30: Simply supported | AD30: Four-point; one service-load cycle then loading to failure | AE30: Almost balanced | AF30: Concrete strength is CUBE strength; do not treat as cylinder fc. Nominal reinforcement ratio reported per series; actual cover differs. No numerical raw ultimate load or deflection extracted from curves. | AG30: Primary table transcription | AH30: Tables1,3,4; manuscript pp.14–15; Fig2 p.17 | AI30: https://eprints.whiterose.ac.uk/id/eprint/85515/1/Deflection%20behaviour%20of%20FRP%20reinforced%20concrete%20beams%20and%20slabs-%20An%20experimental%20investigation.pdf
A31: R012-SC2b | B31: R012 | C31: SC2b | D31: Laboratory specimen | E31: ALS2012 | F31: CFRP | H31: 2350 | I31: 500 | J31: 120 | L31: 2100 | M31: 750 | O31: 51 | P31: Cube strength; no conversion | Q31: 9.53 | T31: 0.63 | U31: 132 | V31: 1320 | W31: As reported; FRP rupture versus steel yield must be retained | X31: 35 | AC31: Simply supported | AD31: Four-point; one service-load cycle then loading to failure | AE31: Almost balanced | AF31: Concrete strength is CUBE strength; do not treat as cylinder fc. Nominal reinforcement ratio reported per series; actual cover differs. No numerical raw ultimate load or deflection extracted from curves. | AG31: Primary table transcription | AH31: Tables1,3,4; manuscript pp.14–15; Fig2 p.17 | AI31: https://eprints.whiterose.ac.uk/id/eprint/85515/1/Deflection%20behaviour%20of%20FRP%20reinforced%20concrete%20beams%20and%20slabs-%20An%20experimental%20investigation.pdf
A32: R012-SC3a | B32: R012 | C32: SC3a | D32: Laboratory specimen | E32: ALS2012 | F32: CFRP | H32: 2350 | I32: 500 | J32: 120 | L32: 2100 | M32: 750 | O32: 49.8 | P32: Cube strength; no conversion | Q32: 12.7 | T32: 1.14 | U32: 119 | V32: 1475 | W32: As reported; FRP rupture versus steel yield must be retained | X32: 42.5 | AC32: Simply supported | AD32: Four-point; one service-load cycle then loading to failure | AE32: Concrete crushing | AF32: Concrete strength is CUBE strength; do not treat as cylinder fc. Nominal reinforcement ratio reported per series; actual cover differs. No numerical raw ultimate load or deflection extracted from curves. | AG32: Primary table transcription | AH32: Tables1,3,4; manuscript pp.14–15; Fig2 p.17 | AI32: https://eprints.whiterose.ac.uk/id/eprint/85515/1/Deflection%20behaviour%20of%20FRP%20reinforced%20concrete%20beams%20and%20slabs-%20An%20experimental%20investigation.pdf
A33: R012-SC3b | B33: R012 | C33: SC3b | D33: Laboratory specimen | E33: ALS2012 | F33: CFRP | H33: 2350 | I33: 500 | J33: 120 | L33: 2100 | M33: 750 | O33: 49.8 | P33: Cube strength; no conversion | Q33: 12.7 | T33: 1.14 | U33: 119 | V33: 1475 | W33: As reported; FRP rupture versus steel yield must be retained | X33: 36 | AC33: Simply supported | AD33: Four-point; one service-load cycle then loading to failure | AE33: Concrete crushing | AF33: Concrete strength is CUBE strength; do not treat as cylinder fc. Nominal reinforcement ratio reported per series; actual cover differs. No numerical raw ultimate load or deflection extracted from curves. | AG33: Primary table transcription | AH33: Tables1,3,4; manuscript pp.14–15; Fig2 p.17 | AI33: https://eprints.whiterose.ac.uk/id/eprint/85515/1/Deflection%20behaviour%20of%20FRP%20reinforced%20concrete%20beams%20and%20slabs-%20An%20experimental%20investigation.pdf
A34: R012-SSa | B34: R012 | C34: SSa | D34: Laboratory specimen | E34: ALS2012 | F34: Steel | H34: 2350 | I34: 500 | J34: 120 | L34: 2100 | M34: 750 | O34: 50.6 | P34: Cube strength; no conversion | Q34: 10 | T34: 0.7 | W34: As reported; FRP rupture versus steel yield must be retained | X34: 25 | AC34: Simply supported | AD34: Four-point; one service-load cycle then loading to failure | AE34: Reinforcement yielding | AF34: Concrete strength is CUBE strength; do not treat as cylinder fc. Nominal reinforcement ratio reported per series; actual cover differs. No numerical raw ultimate load or deflection extracted from curves. | AG34: Primary table transcription | AH34: Tables1,3,4; manuscript pp.14–15; Fig2 p.17 | AI34: https://eprints.whiterose.ac.uk/id/eprint/85515/1/Deflection%20behaviour%20of%20FRP%20reinforced%20concrete%20beams%20and%20slabs-%20An%20experimental%20investigation.pdf
A35: R012-SSb | B35: R012 | C35: SSb | D35: Laboratory specimen | E35: ALS2012 | F35: Steel | H35: 2350 | I35: 500 | J35: 120 | L35: 2100 | M35: 750 | O35: 50.6 | P35: Cube strength; no conversion | Q35: 10 | T35: 0.7 | W35: As reported; FRP rupture versus steel yield must be retained | X35: 25 | AC35: Simply supported | AD35: Four-point; one service-load cycle then loading to failure | AE35: Reinforcement yielding | AF35: Concrete strength is CUBE strength; do not treat as cylinder fc. Nominal reinforcement ratio reported per series; actual cover differs. No numerical raw ultimate load or deflection extracted from curves. | AG35: Primary table transcription | AH35: Tables1,3,4; manuscript pp.14–15; Fig2 p.17 | AI35: https://eprints.whiterose.ac.uk/id/eprint/85515/1/Deflection%20behaviour%20of%20FRP%20reinforced%20concrete%20beams%20and%20slabs-%20An%20experimental%20investigation.pdf
A36: R002-GA-56 | B36: R002 | C36: GA-56 | D36: Laboratory specimen | E36: ABS2014 | F36: GFRP | H36: 4000 | I36: 1000 | J36: 200 | L36: 3500 | M36: 850 | O36: 47.9 | P36: Compression-test basis not extracted; no cube-cylinder conversion | S36: 200 | T36: 1.01 | U36: 40.88 | W36: As reported; FRP rupture versus steel yield must be retained | AC36: Simply supported | AD36: Two equal full-width line loads; four-point bending | AE36: Diagonal tension | AF36: Ef and rho retained from Table3-3. Table5-1 reports different measured bar moduli; do not use for model validation before reconciliation. Published Vexp rounded separately, not exactly Pu/2. | AG36: Primary thesis table transcription; cross-table inconsistencies flagged | AH36: Table3-3 p70, Table4-1 p83, Table5-4 p133 | AI36: https://www.researchgate.net/publication/260165629_BEHAVIOUR_OF_SHEAR_CRITICAL_FRP_REINFORCED_CONCRETE_ONE-WAY_SLABS
A37: R002-GV-46 | B37: R002 | C37: GV-46 | D37: Laboratory specimen | E37: ABS2014 | F37: GFRP | H37: 4000 | I37: 1000 | J37: 200 | L37: 3500 | M37: 850 | O37: 48.4 | P37: Compression-test basis not extracted; no cube-cylinder conversion | S37: 250 | T37: 0.79 | U37: 47.6 | W37: As reported; FRP rupture versus steel yield must be retained | AC37: Simply supported | AD37: Two equal full-width line loads; four-point bending | AE37: Shear compression with FRP shearing-off | AF37: Ef and rho retained from Table3-3. Table5-1 reports different measured bar moduli; do not use for model validation before reconciliation. Published Vexp rounded separately, not exactly Pu/2. | AG37: Primary thesis table transcription; cross-table inconsistencies flagged | AH37: Table3-3 p70, Table4-1 p83, Table5-4 p133 | AI37: https://www.researchgate.net/publication/260165629_BEHAVIOUR_OF_SHEAR_CRITICAL_FRP_REINFORCED_CONCRETE_ONE-WAY_SLABS
A38: R002-GV-56 | B38: R002 | C38: GV-56 | D38: Laboratory specimen | E38: ABS2014 | F38: GFRP | H38: 4000 | I38: 1000 | J38: 200 | L38: 3500 | M38: 850 | O38: 48.4 | P38: Compression-test basis not extracted; no cube-cylinder conversion | S38: 200 | T38: 1.01 | U38: 47.6 | W38: As reported; FRP rupture versus steel yield must be retained | AC38: Simply supported | AD38: Two equal full-width line loads; four-point bending | AF38: Ef and rho retained from Table3-3. Table5-1 reports different measured bar moduli; do not use for model validation before reconciliation. Published Vexp rounded separately, not exactly Pu/2. Ultimate response not transcribed; missing rather than estimated. | AG38: Primary thesis table transcription; cross-table inconsistencies flagged | AH38: Table3-3 p70, Table4-1 p83, Table5-4 p133 | AI38: https://www.researchgate.net/publication/260165629_BEHAVIOUR_OF_SHEAR_CRITICAL_FRP_REINFORCED_CONCRETE_ONE-WAY_SLABS
A39: R002-GV-66 | B39: R002 | C39: GV-66 | D39: Laboratory specimen | E39: ABS2014 | F39: GFRP | H39: 4000 | I39: 1000 | J39: 200 | L39: 3500 | M39: 850 | O39: 48.4 | P39: Compression-test basis not extracted; no cube-cylinder conversion | S39: 166 | T39: 1.22 | U39: 47.6 | W39: As reported; FRP rupture versus steel yield must be retained | AC39: Simply supported | AD39: Two equal full-width line loads; four-point bending | AF39: Ef and rho retained from Table3-3. Table5-1 reports different measured bar moduli; do not use for model validation before reconciliation. Published Vexp rounded separately, not exactly Pu/2. Ultimate response not transcribed; missing rather than estimated. | AG39: Primary thesis table transcription; cross-table inconsistencies flagged | AH39: Table3-3 p70, Table4-1 p83, Table5-4 p133 | AI39: https://www.researchgate.net/publication/260165629_BEHAVIOUR_OF_SHEAR_CRITICAL_FRP_REINFORCED_CONCRETE_ONE-WAY_SLABS
A40: R002-GV-76 | B40: R002 | C40: GV-76 | D40: Laboratory specimen | E40: ABS2014 | F40: GFRP | H40: 4000 | I40: 1000 | J40: 200 | L40: 3500 | M40: 850 | O40: 49.7 | P40: Compression-test basis not extracted; no cube-cylinder conversion | S40: 143 | T40: 1.42 | U40: 47.6 | W40: As reported; FRP rupture versus steel yield must be retained | AC40: Simply supported | AD40: Two equal full-width line loads; four-point bending | AF40: Ef and rho retained from Table3-3. Table5-1 reports different measured bar moduli; do not use for model validation before reconciliation. Published Vexp rounded separately, not exactly Pu/2. Ultimate response not transcribed; missing rather than estimated. | AG40: Primary thesis table transcription; cross-table inconsistencies flagged | AH40: Table3-3 p70, Table4-1 p83, Table5-4 p133 | AI40: https://www.researchgate.net/publication/260165629_BEHAVIOUR_OF_SHEAR_CRITICAL_FRP_REINFORCED_CONCRETE_ONE-WAY_SLABS
A41: R002-GV-58 | B41: R002 | C41: GV-58 | D41: Laboratory specimen | E41: ABS2014 | F41: GFRP | H41: 4000 | I41: 1000 | J41: 200 | L41: 3500 | M41: 850 | O41: 47.9 | P41: Compression-test basis not extracted; no cube-cylinder conversion | S41: 200 | T41: 1.85 | U41: 51.9 | W41: As reported; FRP rupture versus steel yield must be retained | AC41: Simply supported | AD41: Two equal full-width line loads; four-point bending | AE41: Diagonal tension with FRP shearing-off | AF41: Ef and rho retained from Table3-3. Table5-1 reports different measured bar moduli; do not use for model validation before reconciliation. Published Vexp rounded separately, not exactly Pu/2. | AG41: Primary thesis table transcription; cross-table inconsistencies flagged | AH41: Table3-3 p70, Table4-1 p83, Table5-4 p133 | AI41: https://www.researchgate.net/publication/260165629_BEHAVIOUR_OF_SHEAR_CRITICAL_FRP_REINFORCED_CONCRETE_ONE-WAY_SLABS
A42: R002-GH-56 | B42: R002 | C42: GH-56 | D42: Laboratory specimen | E42: ABS2014 | F42: GFRP | H42: 4000 | I42: 1000 | J42: 200 | L42: 3500 | M42: 850 | O42: 42.9 | P42: Compression-test basis not extracted; no cube-cylinder conversion | S42: 200 | T42: 1.01 | U42: 69.5 | W42: As reported; FRP rupture versus steel yield must be retained | AC42: Simply supported | AD42: Two equal full-width line loads; four-point bending | AE42: Diagonal tension | AF42: Ef and rho retained from Table3-3. Table5-1 reports different measured bar moduli; do not use for model validation before reconciliation. Published Vexp rounded separately, not exactly Pu/2. | AG42: Primary thesis table transcription; cross-table inconsistencies flagged | AH42: Table3-3 p70, Table4-1 p83, Table5-4 p133 | AI42: https://www.researchgate.net/publication/260165629_BEHAVIOUR_OF_SHEAR_CRITICAL_FRP_REINFORCED_CONCRETE_ONE-WAY_SLABS
A43: R002-GH-66 | B43: R002 | C43: GH-66 | D43: Laboratory specimen | E43: ABS2014 | F43: GFRP | H43: 4000 | I43: 1000 | J43: 200 | L43: 3500 | M43: 850 | O43: 49.4 | P43: Compression-test basis not extracted; no cube-cylinder conversion | S43: 150 | T43: 1.21 | U43: 69.5 | W43: As reported; FRP rupture versus steel yield must be retained | AC43: Simply supported | AD43: Two equal full-width line loads; four-point bending | AE43: Diagonal tension | AF43: Ef and rho retained from Table3-3. Table5-1 reports different measured bar moduli; do not use for model validation before reconciliation. Published Vexp rounded separately, not exactly Pu/2. | AG43: Primary thesis table transcription; cross-table inconsistencies flagged | AH43: Table3-3 p70, Table4-1 p83, Table5-4 p133 | AI43: https://www.researchgate.net/publication/260165629_BEHAVIOUR_OF_SHEAR_CRITICAL_FRP_REINFORCED_CONCRETE_ONE-WAY_SLABS
A44: R002-GH-66B | B44: R002 | C44: GH-66B | D44: Laboratory specimen | E44: ABS2014 | F44: GFRP | H44: 4000 | I44: 1000 | J44: 200 | L44: 3500 | M44: 850 | O44: 48.6 | P44: Compression-test basis not extracted; no cube-cylinder conversion | S44: 150 | T44: 2.43 | U44: 69.5 | W44: As reported; FRP rupture versus steel yield must be retained | AC44: Simply supported | AD44: Two equal full-width line loads; four-point bending | AE44: Shear bond | AF44: Ef and rho retained from Table3-3. Table5-1 reports different measured bar moduli; do not use for model validation before reconciliation. Published Vexp rounded separately, not exactly Pu/2. Bundled longitudinal bars. | AG44: Primary thesis table transcription; cross-table inconsistencies flagged | AH44: Table3-3 p70, Table4-1 p83, Table5-4 p133 | AI44: https://www.researchgate.net/publication/260165629_BEHAVIOUR_OF_SHEAR_CRITICAL_FRP_REINFORCED_CONCRETE_ONE-WAY_SLABS
A45: R002-GH-78 | B45: R002 | C45: GH-78 | D45: Laboratory specimen | E45: ABS2014 | F45: GFRP | H45: 4000 | I45: 1000 | J45: 200 | L45: 3500 | M45: 850 | O45: 50.3 | P45: Compression-test basis not extracted; no cube-cylinder conversion | S45: 150 | T45: 2.55 | U45: 69.5 | W45: As reported; FRP rupture versus steel yield must be retained | AC45: Simply supported | AD45: Two equal full-width line loads; four-point bending | AE45: Shear bond | AF45: Ef and rho retained from Table3-3. Table5-1 reports different measured bar moduli; do not use for model validation before reconciliation. Published Vexp rounded separately, not exactly Pu/2. | AG45: Primary thesis table transcription; cross-table inconsistencies flagged | AH45: Table3-3 p70, Table4-1 p83, Table5-4 p133 | AI45: https://www.researchgate.net/publication/260165629_BEHAVIOUR_OF_SHEAR_CRITICAL_FRP_REINFORCED_CONCRETE_ONE-WAY_SLABS
A46: R002-GH-56a | B46: R002 | C46: GH-56a | D46: Laboratory specimen | E46: ABS2014 | F46: GFRP | H46: 4000 | I46: 1000 | J46: 200 | L46: 3500 | M46: 850 | O46: 77.4 | P46: Compression-test basis not extracted; no cube-cylinder conversion | S46: 200 | T46: 1.01 | U46: 69.5 | W46: As reported; FRP rupture versus steel yield must be retained | AC46: Simply supported | AD46: Two equal full-width line loads; four-point bending | AE46: Shear compression | AF46: Ef and rho retained from Table3-3. Table5-1 reports different measured bar moduli; do not use for model validation before reconciliation. Published Vexp rounded separately, not exactly Pu/2. | AG46: Primary thesis table transcription; cross-table inconsistencies flagged | AH46: Table3-3 p70, Table4-1 p83, Table5-4 p133 | AI46: https://www.researchgate.net/publication/260165629_BEHAVIOUR_OF_SHEAR_CRITICAL_FRP_REINFORCED_CONCRETE_ONE-WAY_SLABS
A47: R002-GH-56b | B47: R002 | C47: GH-56b | D47: Laboratory specimen | E47: ABS2014 | F47: GFRP | H47: 4000 | I47: 1000 | J47: 200 | L47: 3500 | M47: 850 | O47: 82.6 | P47: Compression-test basis not extracted; no cube-cylinder conversion | S47: 200 | T47: 1.03 | U47: 69.5 | W47: As reported; FRP rupture versus steel yield must be retained | AC47: Simply supported | AD47: Two equal full-width line loads; four-point bending | AE47: Shear compression | AF47: Ef and rho retained from Table3-3. Table5-1 reports different measured bar moduli; do not use for model validation before reconciliation. Published Vexp rounded separately, not exactly Pu/2. | AG47: Primary thesis table transcription; cross-table inconsistencies flagged | AH47: Table3-3 p70, Table4-1 p83, Table5-4 p133 | AI47: https://www.researchgate.net/publication/260165629_BEHAVIOUR_OF_SHEAR_CRITICAL_FRP_REINFORCED_CONCRETE_ONE-WAY_SLABS
A48: R002-CV-54 | B48: R002 | C48: CV-54 | D48: Laboratory specimen | E48: ABS2014 | F48: CFRP | H48: 4000 | I48: 1000 | J48: 200 | L48: 3500 | M48: 850 | O48: 49.7 | P48: Compression-test basis not extracted; no cube-cylinder conversion | S48: 200 | T48: 0.45 | U48: 144 | W48: As reported; FRP rupture versus steel yield must be retained | AC48: Simply supported | AD48: Two equal full-width line loads; four-point bending | AE48: Diagonal tension | AF48: Ef and rho retained from Table3-3. Table5-1 reports different measured bar moduli; do not use for model validation before reconciliation. Published Vexp rounded separately, not exactly Pu/2. | AG48: Primary thesis table transcription; cross-table inconsistencies flagged | AH48: Table3-3 p70, Table4-1 p83, Table5-4 p133 | AI48: https://www.researchgate.net/publication/260165629_BEHAVIOUR_OF_SHEAR_CRITICAL_FRP_REINFORCED_CONCRETE_ONE-WAY_SLABS
A49: R002-CV-64 | B49: R002 | C49: CV-64 | D49: Laboratory specimen | E49: ABS2014 | F49: CFRP | H49: 4000 | I49: 1000 | J49: 200 | L49: 3500 | M49: 850 | O49: 49.6 | P49: Compression-test basis not extracted; no cube-cylinder conversion | S49: 166 | T49: 0.54 | U49: 144 | W49: As reported; FRP rupture versus steel yield must be retained | AC49: Simply supported | AD49: Two equal full-width line loads; four-point bending | AE49: Shear compression with FRP shearing-off | AF49: Ef and rho retained from Table3-3. Table5-1 reports different measured bar moduli; do not use for model validation before reconciliation. Published Vexp rounded separately, not exactly Pu/2. | AG49: Primary thesis table transcription; cross-table inconsistencies flagged | AH49: Table3-3 p70, Table4-1 p83, Table5-4 p133 | AI49: https://www.researchgate.net/publication/260165629_BEHAVIOUR_OF_SHEAR_CRITICAL_FRP_REINFORCED_CONCRETE_ONE-WAY_SLABS
A50: R002-CV-74 | B50: R002 | C50: CV-74 | D50: Laboratory specimen | E50: ABS2014 | F50: CFRP | H50: 4000 | I50: 1000 | J50: 200 | L50: 3500 | M50: 850 | O50: 52 | P50: Compression-test basis not extracted; no cube-cylinder conversion | S50: 150 | T50: 0.63 | U50: 144 | W50: As reported; FRP rupture versus steel yield must be retained | AC50: Simply supported | AD50: Two equal full-width line loads; four-point bending | AE50: Shear compression | AF50: Ef and rho retained from Table3-3. Table5-1 reports different measured bar moduli; do not use for model validation before reconciliation. Published Vexp rounded separately, not exactly Pu/2. | AG50: Primary thesis table transcription; cross-table inconsistencies flagged | AH50: Table3-3 p70, Table4-1 p83, Table5-4 p133 | AI50: https://www.researchgate.net/publication/260165629_BEHAVIOUR_OF_SHEAR_CRITICAL_FRP_REINFORCED_CONCRETE_ONE-WAY_SLABS
A51: R002-CV-84 | B51: R002 | C51: CV-84 | D51: Laboratory specimen | E51: ABS2014 | F51: CFRP | H51: 4000 | I51: 1000 | J51: 200 | L51: 3500 | M51: 850 | O51: 44.8 | P51: Compression-test basis not extracted; no cube-cylinder conversion | S51: 140 | T51: 0.72 | U51: 144 | W51: As reported; FRP rupture versus steel yield must be retained | AC51: Simply supported | AD51: Two equal full-width line loads; four-point bending | AE51: Shear | AF51: Ef and rho retained from Table3-3. Table5-1 reports different measured bar moduli; do not use for model validation before reconciliation. Published Vexp rounded separately, not exactly Pu/2. | AG51: Primary thesis table transcription; cross-table inconsistencies flagged | AH51: Table3-3 p70, Table4-1 p83, Table5-4 p133 | AI51: https://www.researchgate.net/publication/260165629_BEHAVIOUR_OF_SHEAR_CRITICAL_FRP_REINFORCED_CONCRETE_ONE-WAY_SLABS
A52: R002-CV-65 | B52: R002 | C52: CV-65 | D52: Laboratory specimen | E52: ABS2014 | F52: CFRP | H52: 4000 | I52: 1000 | J52: 200 | L52: 3500 | M52: 850 | O52: 45.6 | P52: Compression-test basis not extracted; no cube-cylinder conversion | S52: 166 | T52: 0.84 | U52: 140 | W52: As reported; FRP rupture versus steel yield must be retained | AC52: Simply supported | AD52: Two equal full-width line loads; four-point bending | AE52: Shear | AF52: Ef and rho retained from Table3-3. Table5-1 reports different measured bar moduli; do not use for model validation before reconciliation. Published Vexp rounded separately, not exactly Pu/2. | AG52: Primary thesis table transcription; cross-table inconsistencies flagged | AH52: Table3-3 p70, Table4-1 p83, Table5-4 p133 | AI52: https://www.researchgate.net/publication/260165629_BEHAVIOUR_OF_SHEAR_CRITICAL_FRP_REINFORCED_CONCRETE_ONE-WAY_SLABS
... A57: R002-S-56 | B57: R002 | C57: S-56 | D57: Laboratory specimen | E57: ABS2014 | F57: Steel | H57: 4000 | I57: 1000 | J57: 200 | L57: 3500 | M57: 850 | O57: 47.9 | P57: Compression-test basis not extracted; no cube-cylinder conversion | S57: 200 | T57: 1 | U57: 200 | W57: As reported; FRP rupture versus steel yield must be retained | AC57: Simply supported | AD57: Two equal full-width line loads; four-point bending | AE57: Flexural compression | AF57: Ef and rho retained from Table3-3. Table5-1 reports different measured bar moduli; do not use for model validation before reconciliation. Published Vexp rounded separately, not exactly Pu/2. | AG57: Primary thesis table transcription; cross-table inconsistencies flagged | AH57: Table3-3 p70, Table4-1 p83, Table5-4 p133 | AI57: https://www.researchgate.net/publication/260165629_BEHAVIOUR_OF_SHEAR_CRITICAL_FRP_REINFORCED_CONCRETE_ONE-WAY_SLABS
A58: R060-S-150-T | B58: R060 | C58: S-150-T | D58: Laboratory specimen | E58: MIC1998 | F58: Steel | H58: 3500 | I58: 1000 | J58: 150 | L58: 3000 | P58: Compression-test basis not extracted; no cube-cylinder conversion | R58: 15M | T58: 0.962 | U58: 177 | V58: 435 | W58: Measured average tensile strength; steel value is yield strength. | X58: 38 | AC58: Simply supported | AD58: Four-point bending; full-width line supports | AE58: Yielding then concrete crushing | AF58: Table4 crack widths are averaged FIRST CRACK widths, not maximum widths at a defined service load. Program-wide concrete strength range must not be assigned to each slab. Table3 asterisks identify load/deflection AT YIELD; ultimate omitted. Measured average tensile strength; steel value is yield strength. | AG58: Primary fulltext table transcription | AH58: Tables1–2 p355; Tables3–4 p358 | AI58: https://www.academia.edu/68347252/Flexural_Behavior_of_One_Way_Concrete_Slabs_Reinforced_by_Fiber_Reinforced_Plastic_Reinforcements
A59: R060-I-150-A | B59: R060 | C59: I-150-A | D59: Laboratory specimen | E59: MIC1998 | F59: GFRP | H59: 3500 | I59: 1000 | J59: 150 | L59: 3000 | P59: Compression-test basis not extracted; no cube-cylinder conversion | Q59: 12.7 | T59: 0.487 | U59: 41.3 | V59: 692 | W59: Measured average tensile strength; steel value is yield strength. | X59: 38 | AC59: Simply supported | AD59: Four-point bending; full-width line supports | AE59: FRP rupture | AF59: Table4 crack widths are averaged FIRST CRACK widths, not maximum widths at a defined service load. Program-wide concrete strength range must not be assigned to each slab. Measured average tensile strength; steel value is yield strength. | AG59: Primary fulltext table transcription | AH59: Tables1–2 p355; Tables3–4 p358 | AI59: https://www.academia.edu/68347252/Flexural_Behavior_of_One_Way_Concrete_Slabs_Reinforced_by_Fiber_Reinforced_Plastic_Reinforcements
A60: R060-I-150-B | B60: R060 | C60: I-150-B | D60: Laboratory specimen | E60: MIC1998 | F60: GFRP | H60: 3500 | I60: 1000 | J60: 150 | L60: 3000 | P60: Compression-test basis not extracted; no cube-cylinder conversion | Q60: 15.9 | T60: 0.764 | U60: 41.3 | V60: 692 | W60: Measured average tensile strength; steel value is yield strength. | X60: 38 | AC60: Simply supported | AD60: Four-point bending; full-width line supports | AE60: FRP rupture | AF60: Table4 crack widths are averaged FIRST CRACK widths, not maximum widths at a defined service load. Program-wide concrete strength range must not be assigned to each slab. Measured average tensile strength; steel value is yield strength. | AG60: Primary fulltext OCR table: restore printed decimal in8004 to80.4kN; paired18.03kip provides consistency check. | AH60: Tables1–2 p355; Tables3–4 p358 | AI60: https://www.academia.edu/68347252/Flexural_Behavior_of_One_Way_Concrete_Slabs_Reinforced_by_Fiber_Reinforced_Plastic_Reinforcements
A61: R060-I-150-C | B61: R060 | C61: I-150-C | D61: Laboratory specimen | E61: MIC1998 | F61: GFRP | H61: 3500 | I61: 1000 | J61: 150 | L61: 3000 | P61: Compression-test basis not extracted; no cube-cylinder conversion | Q61: 15.9 | T61: 0.955 | U61: 41.3 | V61: 692 | W61: Measured average tensile strength; steel value is yield strength. | X61: 38 | AC61: Simply supported | AD61: Four-point bending; full-width line supports | AE61: Shear of GFRP at major crack | AF61: Table4 crack widths are averaged FIRST CRACK widths, not maximum widths at a defined service load. Program-wide concrete strength range must not be assigned to each slab. Measured average tensile strength; steel value is yield strength. | AG61: Primary fulltext table transcription | AH61: Tables1–2 p355; Tables3–4 p358 | AI61: https://www.academia.edu/68347252/Flexural_Behavior_of_One_Way_Concrete_Slabs_Reinforced_by_Fiber_Reinforced_Plastic_Reinforcements
A62: R060-S-200-T | B62: R060 | C62: S-200-T | D62: Laboratory specimen | E62: MIC1998 | F62: Steel | H62: 3500 | I62: 1000 | J62: 200 | L62: 3000 | P62: Compression-test basis not extracted; no cube-cylinder conversion | R62: 10M | T62: 0.39 | U62: 177 | V62: 435 | W62: Measured average tensile strength; steel value is yield strength. | X62: 38 | AC62: Simply supported | AD62: Four-point bending; full-width line supports | AE62: Yielding then concrete crushing | AF62: Table4 crack widths are averaged FIRST CRACK widths, not maximum widths at a defined service load. Program-wide concrete strength range must not be assigned to each slab. Table3 asterisks identify load/deflection AT YIELD; ultimate omitted. Measured average tensile strength; steel value is yield strength. | AG62: Primary fulltext table transcription | AH62: Tables1–2 p355; Tables3–4 p358 | AI62: https://www.academia.edu/68347252/Flexural_Behavior_of_One_Way_Concrete_Slabs_Reinforced_by_Fiber_Reinforced_Plastic_Reinforcements
A63: R060-I-200-A | B63: R060 | C63: I-200-A | D63: Laboratory specimen | E63: MIC1998 | F63: GFRP | H63: 3500 | I63: 1000 | J63: 200 | L63: 3000 | P63: Compression-test basis not extracted; no cube-cylinder conversion | Q63: 9.5 | T63: 0.23 | U63: 41.3 | V63: 692 | W63: Measured average tensile strength; steel value is yield strength. | X63: 38 | AC63: Simply supported | AD63: Four-point bending; full-width line supports | AE63: FRP rupture | AF63: Table4 crack widths are averaged FIRST CRACK widths, not maximum widths at a defined service load. Program-wide concrete strength range must not be assigned to each slab. Measured average tensile strength; steel value is yield strength. | AG63: Primary fulltext table transcription | AH63: Tables1–2 p355; Tables3–4 p358 | AI63: https://www.academia.edu/68347252/Flexural_Behavior_of_One_Way_Concrete_Slabs_Reinforced_by_Fiber_Reinforced_Plastic_Reinforcements
A64: R060-I-200-C | B64: R060 | C64: I-200-C | D64: Laboratory specimen | E64: MIC1998 | F64: GFRP | H64: 3500 | I64: 1000 | J64: 200 | L64: 3000 | P64: Compression-test basis not extracted; no cube-cylinder conversion | Q64: 15.9 | T64: 0.774 | U64: 41.3 | V64: 692 | W64: Measured average tensile strength; steel value is yield strength. | X64: 38 | AC64: Simply supported | AD64: Four-point bending; full-width line supports | AE64: Shear of GFRP at major crack | AF64: Table4 crack widths are averaged FIRST CRACK widths, not maximum widths at a defined service load. Program-wide concrete strength range must not be assigned to each slab. Measured average tensile strength; steel value is yield strength. | AG64: Primary fulltext table transcription | AH64: Tables1–2 p355; Tables3–4 p358 | AI64: https://www.academia.edu/68347252/Flexural_Behavior_of_One_Way_Concrete_Slabs_Reinforced_by_Fiber_Reinforced_Plastic_Reinforcements
A65: R060-LL-200-C | B65: R060 | C65: LL-200-C | D65: Laboratory specimen | E65: MIC1998 | F65: CFRP | H65: 3500 | I65: 1000 | J65: 200 | L65: 3000 | P65: Compression-test basis not extracted; no cube-cylinder conversion | Q65: 8 | T65: 0.303 | U65: 147 | V65: 2250 | W65: Measured average tensile strength; steel value is yield strength. | X65: 38 | AC65: Simply supported | AD65: Four-point bending; full-width line supports | AE65: Bond slip | AF65: Table4 crack widths are averaged FIRST CRACK widths, not maximum widths at a defined service load. Program-wide concrete strength range must not be assigned to each slab. Measured average tensile strength; steel value is yield strength. | AG65: Primary fulltext table transcription | AH65: Tables1–2 p355; Tables3–4 p358 | AI65: https://www.academia.edu/68347252/Flexural_Behavior_of_One_Way_Concrete_Slabs_Reinforced_by_Fiber_Reinforced_Plastic_Reinforcements
A66: R074-Test_Panel_1 | B66: R074 | C66: Test Panel 1 | D66: field panel | E66: ThompsonBridge_Field | F66: BFRP | G66: SCC | J66: 160 | L66: 1400 | O66: 50.2 | P66: 100-mm cube; Table 3 | Q66: 12 | T66: 0.6 | U66: 54 | V66: 920 | W66: BFRP rupture at 0.2 kN/s | AB66: 300 | AC66: Integral skew bridge; W-beam support and continuity; restraint stiffness not quantified | AD66: Central static circular loading contact, diameter 300 mm | AE66: No ultimate failure observed; proof loading stopped at 400 kN | AF66: Table2 and Section3.2 give mean cube strength50.5MPa, while Table3 uses50.2MPa for each panel; table-specific50.2 retained. No conversion to cylinder strength. Bar properties are shared material means. Individual effective depth/spacing/cover not verified. | AG66: Primary full text; direct table extraction | AH66: Table 3, printed p.6; geometry Section3.1 printed p.4; bar properties Table2 printed p.4 and Section3.2 p.5; contact Section3.3 p.5 | AI66: https://pureadmin.qub.ac.uk/ws/portalfiles/portal/559489876/1-s2.0-S2214509524001943-main.pdf
A67: R074-Test_Panel_2 | B67: R074 | C67: Test Panel 2 | D67: field panel | E67: ThompsonBridge_Field | F67: BFRP | G67: SCC | J67: 160 | L67: 1600 | O67: 50.2 | P67: 100-mm cube; Table 3 | Q67: 12 | T67: 0.6 | U67: 54 | V67: 920 | W67: BFRP rupture at 0.2 kN/s | AB67: 300 | AC67: Integral skew bridge; W-beam support and continuity; restraint stiffness not quantified | AD67: Central static circular loading contact, diameter 300 mm | AE67: No ultimate failure observed; proof loading stopped at 400 kN | AF67: Table2 and Section3.2 give mean cube strength50.5MPa, while Table3 uses50.2MPa for each panel; table-specific50.2 retained. No conversion to cylinder strength. Bar properties are shared material means. Individual effective depth/spacing/cover not verified. | AG67: Primary full text; direct table extraction | AH67: Table 3, printed p.6; geometry Section3.1 printed p.4; bar properties Table2 printed p.4 and Section3.2 p.5; contact Section3.3 p.5 | AI67: https://pureadmin.qub.ac.uk/ws/portalfiles/portal/559489876/1-s2.0-S2214509524001943-main.pdf
A68: R074-Test_Panel_3 | B68: R074 | C68: Test Panel 3 | D68: field panel | E68: ThompsonBridge_Field | F68: BFRP | G68: SCC | J68: 160 | L68: 1600 | O68: 50.2 | P68: 100-mm cube; Table 3 | Q68: 12 | T68: 0.6 | U68: 54 | V68: 920 | W68: BFRP rupture at 0.2 kN/s | AB68: 300 | AC68: Integral skew bridge; W-beam support and continuity; restraint stiffness not quantified | AD68: Central static circular loading contact, diameter 300 mm | AE68: No ultimate failure observed; proof loading stopped at 400 kN | AF68: Table2 and Section3.2 give mean cube strength50.5MPa, while Table3 uses50.2MPa for each panel; table-specific50.2 retained. No conversion to cylinder strength. Bar properties are shared material means. Individual effective depth/spacing/cover not verified. | AG68: Primary full text; direct table extraction | AH68: Table 3, printed p.6; geometry Section3.1 printed p.4; bar properties Table2 printed p.4 and Section3.2 p.5; contact Section3.3 p.5 | AI68: https://pureadmin.qub.ac.uk/ws/portalfiles/portal/559489876/1-s2.0-S2214509524001943-main.pdf
A69: R074-Test_Panel_4 | B69: R074 | C69: Test Panel 4 | D69: field panel | E69: ThompsonBridge_Field | F69: BFRP | G69: SCC | J69: 160 | L69: 1400 | O69: 50.2 | P69: 100-mm cube; Table 3 | Q69: 12 | T69: 0.6 | U69: 54 | V69: 920 | W69: BFRP rupture at 0.2 kN/s | AB69: 300 | AC69: Integral skew bridge; W-beam support and continuity; restraint stiffness not quantified | AD69: Central static circular loading contact, diameter 300 mm | AE69: No ultimate failure observed; proof loading stopped at 400 kN | AF69: Table2 and Section3.2 give mean cube strength50.5MPa, while Table3 uses50.2MPa for each panel; table-specific50.2 retained. No conversion to cylinder strength. Bar properties are shared material means. Individual effective depth/spacing/cover not verified. | AG69: Primary full text; direct table extraction | AH69: Table 3, printed p.6; geometry Section3.1 printed p.4; bar properties Table2 printed p.4 and Section3.2 p.5; contact Section3.3 p.5 | AI69: https://pureadmin.qub.ac.uk/ws/portalfiles/portal/559489876/1-s2.0-S2214509524001943-main.pdf
A70: R074-Test_Panel_5 | B70: R074 | C70: Test Panel 5 | D70: field panel | E70: ThompsonBridge_Field | F70: Steel | G70: SCC | J70: 160 | L70: 1400 | O70: 50.2 | P70: 100-mm cube; Table 3 | Q70: 12 | T70: 0.7 | U70: 210 | V70: 520 | W70: steel yield | AB70: 300 | AC70: Integral skew bridge; W-beam support and continuity; restraint stiffness not quantified | AD70: Central static circular loading contact, diameter 300 mm | AE70: No ultimate failure observed; proof loading stopped at 400 kN | AF70: Table2 and Section3.2 give mean cube strength50.5MPa, while Table3 uses50.2MPa for each panel; table-specific50.2 retained. No conversion to cylinder strength. Bar properties are shared material means. Individual effective depth/spacing/cover not verified. | AG70: Primary full text; direct table extraction | AH70: Table 3, printed p.6; geometry Section3.1 printed p.4; bar properties Table2 printed p.4 and Section3.2 p.5; contact Section3.3 p.5 | AI70: https://pureadmin.qub.ac.uk/ws/portalfiles/portal/559489876/1-s2.0-S2214509524001943-main.pdf
A71: R074-Test_Panel_6 | B71: R074 | C71: Test Panel 6 | D71: field panel | E71: ThompsonBridge_Field | F71: Steel | G71: SCC | J71: 160 | L71: 1600 | O71: 50.2 | P71: 100-mm cube; Table 3 | Q71: 12 | T71: 0.7 | U71: 210 | V71: 520 | W71: steel yield | AB71: 300 | AC71: Integral skew bridge; W-beam support and continuity; restraint stiffness not quantified | AD71: Central static circular loading contact, diameter 300 mm | AE71: No ultimate failure observed; proof loading stopped at 400 kN | AF71: Table2 and Section3.2 give mean cube strength50.5MPa, while Table3 uses50.2MPa for each panel; table-specific50.2 retained. No conversion to cylinder strength. Bar properties are shared material means. Individual effective depth/spacing/cover not verified. | AG71: Primary full text; direct table extraction | AH71: Table 3, printed p.6; geometry Section3.1 printed p.4; bar properties Table2 printed p.4 and Section3.2 p.5; contact Section3.3 p.5 | AI71: https://pureadmin.qub.ac.uk/ws/portalfiles/portal/559489876/1-s2.0-S2214509524001943-main.pdf
A72: R048-R-load_section | B72: R048 | C72: R-load section | D72: test zone (not independent slab) | E72: Queen's full-scale bridge deck, shared with P-load section | F72: GFRP | H72: 15240 | I72: 3890 | P72: Compression-test basis not extracted; no cube-cylinder conversion | W72: As reported; FRP rupture versus steel yield must be retained | AD72: Rolling load | AE72: No fatigue failure reported in accessible abstract; stopped cycle count, not Nf | AF72: Pmin/Pmax sequence; individual reinforcement properties; raw stiffness/deflection values | AG72: Primary source extraction | AH72: Abstract, original 04024023 paper | AI72: https://www.researchgate.net/publication/381744449_Rolling_Load_versus_Pulsating_Load_Fatigue_Behavior_of_a_Full-Scale_Bridge_Deck_Reinforced_with_GFRP_Bars
A73: R048-P-load_section | B73: R048 | C73: P-load section | D73: test zone (not independent slab) | E73: Queen's full-scale bridge deck, shared with R-load section | F73: GFRP | H73: 15240 | I73: 3890 | P73: Compression-test basis not extracted; no cube-cylinder conversion | W73: As reported; FRP rupture versus steel yield must be retained | AD73: Fixed-point pulsating load | AE73: No fatigue failure reported in accessible abstract; stopped cycle count, not Nf | AG73: Primary source extraction | AH73: Abstract, original 04024023 paper | AI73: https://www.researchgate.net/publication/381744449_Rolling_Load_versus_Pulsating_Load_Fatigue_Behavior_of_a_Full-Scale_Bridge_Deck_Reinforced_with_GFRP_Bars
A74: R022-Morristown_Bridge | B74: R022 | C74: Morristown Bridge | D74: field bridge | E74: Benmokrane2006 | F74: GFRP | G74: Normal-weight high-performance concrete (source wording) | J74: 230 | O74: 27 | P74: 28-day strength; test basis not extracted | Q74: 18.72 | U74: 40 | V74: 597 | W74: As reported; FRP rupture versus steel yield must be retained | X74: 38 | Y74: 64 | AD74: Two calibrated three-axle trucks; 4 single-truck paths plus one paired path; 7 stations, 35 readings/gauge; ambient traffic dynamic response | AF74: Field load below design service load. Source Table2 reinforcement ratios differ from direct Af/(sd) with listed cover; retained as source-reported, not silently recomputed. No ultimate load or fatigue life measured. No cracks observed at test after approximately 13 months in service | AG74: Primary source extraction | AH74: Table1 p.218; Table2 p.219; field loading pp.219-220; response pp.220-222 and conclusions p.225 | AI74: https://doi.org/10.1061/(ASCE)1084-0702(2006)11:2(217)
A75: R041-Cookshire-Eaton_Section_G | B75: R041 | C75: Cookshire-Eaton Section G | D75: GFRP field bridge span | E75: Cookshire-Eaton Bridge, shared with Section S | F75: GFRP | J75: 200 | O75: 37 | P75: 28-day strength; test basis not extracted | W75: As reported; FRP rupture versus steel yield must be retained | X75: 38 | Y75: 60 | AF75: Bottom reinforcement transcription on author full text is internally inconsistent; omit unverified spacing/direction. Below-design-load proof test. 15.9mm: Af198mm2, E44GPa, fu727±14MPa; 18.7mm: Af275mm2, E42GPa, fu650±30MPa No visible cracks at inspection following field test | AG75: Primary source extraction | AH75: Table1 p.471; geometry pp.471-472; response pp.473-475 | AI75: https://www.researchgate.net/publication/228666609_Field_Investigation_on_the_First_Bridge_Deck_Slab_Reinforced_with_Glass_FRP_Bars_Constructed_in_Canada
A76: R041-Cookshire-Eaton_Section_S | B76: R041 | C76: Cookshire-Eaton Section S | D76: steel field bridge span | E76: Cookshire-Eaton Bridge, shared with Section G | F76: galvanized steel | J76: 200 | O76: 37 | P76: 28-day strength; test basis not extracted | Q76: 15.9 | U76: 200 | V76: 453 | W76: Steel yield strength | AG76: Primary source extraction | AH76: Table1 p.471; Fig8 p.474 | AI76: https://www.researchgate.net/publication/228666609_Field_Investigation_on_the_First_Bridge_Deck_Slab_Reinforced_with_Glass_FRP_Bars_Constructed_in_Canada

Sheet Extended Properties
A2: Direction-specific reinforcement and field parameters
A3: Additional source parameters remain typed and retain their physical meaning.
A6: Unit ID | B6: Reference ID | C6: Property | D6: Reported value | E6: Unit | F6: Qualification | G6: Source locator | H6: Source URL
A7: R012-SG1a | B7: R012 | C7: Source series | D7: SG1 | F7: Concrete strength is CUBE strength; do not treat as cylinder fc. Nominal reinforcement ratio reported per series; actual cover differs. No numerical raw ultimate load or deflection extracted from curves. | G7: Tables1,3,4; manuscript pp.14–15; Fig2 p.17 | H7: https://eprints.whiterose.ac.uk/id/eprint/85515/1/Deflection%20behaviour%20of%20FRP%20reinforced%20concrete%20beams%20and%20slabs-%20An%20experimental%20investigation.pdf
A8: R012-SG1a | B8: R012 | C8: Splitting tensile strength | D8: 3.9 | E8: MPa | F8: Concrete strength is CUBE strength; do not treat as cylinder fc. Nominal reinforcement ratio reported per series; actual cover differs. No numerical raw ultimate load or deflection extracted from curves. | G8: Tables1,3,4; manuscript pp.14–15; Fig2 p.17 | H8: https://eprints.whiterose.ac.uk/id/eprint/85515/1/Deflection%20behaviour%20of%20FRP%20reinforced%20concrete%20beams%20and%20slabs-%20An%20experimental%20investigation.pdf
A9: R012-SG1a | B9: R012 | C9: Main reinforcement count | D9: 5 | E9: bars | F9: Concrete strength is CUBE strength; do not treat as cylinder fc. Nominal reinforcement ratio reported per series; actual cover differs. No numerical raw ultimate load or deflection extracted from curves. | G9: Tables1,3,4; manuscript pp.14–15; Fig2 p.17 | H9: https://eprints.whiterose.ac.uk/id/eprint/85515/1/Deflection%20behaviour%20of%20FRP%20reinforced%20concrete%20beams%20and%20slabs-%20An%20experimental%20investigation.pdf
A10: R012-SG1b | B10: R012 | C10: Source series | D10: SG1 | F10: Concrete strength is CUBE strength; do not treat as cylinder fc. Nominal reinforcement ratio reported per series; actual cover differs. No numerical raw ultimate load or deflection extracted from curves. | G10: Tables1,3,4; manuscript pp.14–15; Fig2 p.17 | H10: https://eprints.whiterose.ac.uk/id/eprint/85515/1/Deflection%20behaviour%20of%20FRP%20reinforced%20concrete%20beams%20and%20slabs-%20An%20experimental%20investigation.pdf
A11: R012-SG1b | B11: R012 | C11: Splitting tensile strength | D11: 3.9 | E11: MPa | F11: Concrete strength is CUBE strength; do not treat as cylinder fc. Nominal reinforcement ratio reported per series; actual cover differs. No numerical raw ultimate load or deflection extracted from curves. | G11: Tables1,3,4; manuscript pp.14–15; Fig2 p.17 | H11: https://eprints.whiterose.ac.uk/id/eprint/85515/1/Deflection%20behaviour%20of%20FRP%20reinforced%20concrete%20beams%20and%20slabs-%20An%20experimental%20investigation.pdf
A12: R012-SG1b | B12: R012 | C12: Main reinforcement count | D12: 5 | E12: bars | F12: Concrete strength is CUBE strength; do not treat as cylinder fc. Nominal reinforcement ratio reported per series; actual cover differs. No numerical raw ultimate load or deflection extracted from curves. | G12: Tables1,3,4; manuscript pp.14–15; Fig2 p.17 | H12: https://eprints.whiterose.ac.uk/id/eprint/85515/1/Deflection%20behaviour%20of%20FRP%20reinforced%20concrete%20beams%20and%20slabs-%20An%20experimental%20investigation.pdf
A13: R012-SG2a | B13: R012 | C13: Source series | D13: SG2 | F13: Concrete strength is CUBE strength; do not treat as cylinder fc. Nominal reinforcement ratio reported per series; actual cover differs. No numerical raw ultimate load or deflection extracted from curves. | G13: Tables1,3,4; manuscript pp.14–15; Fig2 p.17 | H13: https://eprints.whiterose.ac.uk/id/eprint/85515/1/Deflection%20behaviour%20of%20FRP%20reinforced%20concrete%20beams%20and%20slabs-%20An%20experimental%20investigation.pdf
A14: R012-SG2a | B14: R012 | C14: Splitting tensile strength | D14: 3.4 | E14: MPa | F14: Concrete strength is CUBE strength; do not treat as cylinder fc. Nominal reinforcement ratio reported per series; actual cover differs. No numerical raw ultimate load or deflection extracted from curves. | G14: Tables1,3,4; manuscript pp.14–15; Fig2 p.17 | H14: https://eprints.whiterose.ac.uk/id/eprint/85515/1/Deflection%20behaviour%20of%20FRP%20reinforced%20concrete%20beams%20and%20slabs-%20An%20experimental%20investigation.pdf
A15: R012-SG2a | B15: R012 | C15: Main reinforcement count | D15: 5 | E15: bars | F15: Concrete strength is CUBE strength; do not treat as cylinder fc. Nominal reinforcement ratio reported per series; actual cover differs. No numerical raw ultimate load or deflection extracted from curves. | G15: Tables1,3,4; manuscript pp.14–15; Fig2 p.17 | H15: https://eprints.whiterose.ac.uk/id/eprint/85515/1/Deflection%20behaviour%20of%20FRP%20reinforced%20concrete%20beams%20and%20slabs-%20An%20experimental%20investigation.pdf
A16: R012-SG2b | B16: R012 | C16: Source series | D16: SG2 | F16: Concrete strength is CUBE strength; do not treat as cylinder fc. Nominal reinforcement ratio reported per series; actual cover differs. No numerical raw ultimate load or deflection extracted from curves. | G16: Tables1,3,4; manuscript pp.14–15; Fig2 p.17 | H16: https://eprints.whiterose.ac.uk/id/eprint/85515/1/Deflection%20behaviour%20of%20FRP%20reinforced%20concrete%20beams%20and%20slabs-%20An%20experimental%20investigation.pdf
A17: R012-SG2b | B17: R012 | C17: Splitting tensile strength | D17: 3.4 | E17: MPa | F17: Concrete strength is CUBE strength; do not treat as cylinder fc. Nominal reinforcement ratio reported per series; actual cover differs. No numerical raw ultimate load or deflection extracted from curves. | G17: Tables1,3,4; manuscript pp.14–15; Fig2 p.17 | H17: https://eprints.whiterose.ac.uk/id/eprint/85515/1/Deflection%20behaviour%20of%20FRP%20reinforced%20concrete%20beams%20and%20slabs-%20An%20experimental%20investigation.pdf
A18: R012-SG2b | B18: R012 | C18: Main reinforcement count | D18: 5 | E18: bars | F18: Concrete strength is CUBE strength; do not treat as cylinder fc. Nominal reinforcement ratio reported per series; actual cover differs. No numerical raw ultimate load or deflection extracted from curves. | G18: Tables1,3,4; manuscript pp.14–15; Fig2 p.17 | H18: https://eprints.whiterose.ac.uk/id/eprint/85515/1/Deflection%20behaviour%20of%20FRP%20reinforced%20concrete%20beams%20and%20slabs-%20An%20experimental%20investigation.pdf
A19: R012-SG3a | B19: R012 | C19: Source series | D19: SG3 | F19: Concrete strength is CUBE strength; do not treat as cylinder fc. Nominal reinforcement ratio reported per series; actual cover differs. No numerical raw ultimate load or deflection extracted from curves. | G19: Tables1,3,4; manuscript pp.14–15; Fig2 p.17 | H19: https://eprints.whiterose.ac.uk/id/eprint/85515/1/Deflection%20behaviour%20of%20FRP%20reinforced%20concrete%20beams%20and%20slabs-%20An%20experimental%20investigation.pdf
A20: R012-SG3a | B20: R012 | C20: Splitting tensile strength | D20: 3.8 | E20: MPa | F20: Concrete strength is CUBE strength; do not treat as cylinder fc. Nominal reinforcement ratio reported per series; actual cover differs. No numerical raw ultimate load or deflection extracted from curves. | G20: Tables1,3,4; manuscript pp.14–15; Fig2 p.17 | H20: https://eprints.whiterose.ac.uk/id/eprint/85515/1/Deflection%20behaviour%20of%20FRP%20reinforced%20concrete%20beams%20and%20slabs-%20An%20experimental%20investigation.pdf
A21: R012-SG3a | B21: R012 | C21: Main reinforcement count | D21: 5 | E21: bars | F21: Concrete strength is CUBE strength; do not treat as cylinder fc. Nominal reinforcement ratio reported per series; actual cover differs. No numerical raw ultimate load or deflection extracted from curves. | G21: Tables1,3,4; manuscript pp.14–15; Fig2 p.17 | H21: https://eprints.whiterose.ac.uk/id/eprint/85515/1/Deflection%20behaviour%20of%20FRP%20reinforced%20concrete%20beams%20and%20slabs-%20An%20experimental%20investigation.pdf
A22: R012-SG3b | B22: R012 | C22: Source series | D22: SG3 | F22: Concrete strength is CUBE strength; do not treat as cylinder fc. Nominal reinforcement ratio reported per series; actual cover differs. No numerical raw ultimate load or deflection extracted from curves. | G22: Tables1,3,4; manuscript pp.14–15; Fig2 p.17 | H22: https://eprints.whiterose.ac.uk/id/eprint/85515/1/Deflection%20behaviour%20of%20FRP%20reinforced%20concrete%20beams%20and%20slabs-%20An%20experimental%20investigation.pdf
A23: R012-SG3b | B23: R012 | C23: Splitting tensile strength | D23: 3.8 | E23: MPa | F23: Concrete strength is CUBE strength; do not treat as cylinder fc. Nominal reinforcement ratio reported per series; actual cover differs. No numerical raw ultimate load or deflection extracted from curves. | G23: Tables1,3,4; manuscript pp.14–15; Fig2 p.17 | H23: https://eprints.whiterose.ac.uk/id/eprint/85515/1/Deflection%20behaviour%20of%20FRP%20reinforced%20concrete%20beams%20and%20slabs-%20An%20experimental%20investigation.pdf
A24: R012-SG3b | B24: R012 | C24: Main reinforcement count | D24: 5 | E24: bars | F24: Concrete strength is CUBE strength; do not treat as cylinder fc. Nominal reinforcement ratio reported per series; actual cover differs. No numerical raw ultimate load or deflection extracted from curves. | G24: Tables1,3,4; manuscript pp.14–15; Fig2 p.17 | H24: https://eprints.whiterose.ac.uk/id/eprint/85515/1/Deflection%20behaviour%20of%20FRP%20reinforced%20concrete%20beams%20and%20slabs-%20An%20experimental%20investigation.pdf
A25: R012-SC1a | B25: R012 | C25: Source series | D25: SC1 | F25: Concrete strength is CUBE strength; do not treat as cylinder fc. Nominal reinforcement ratio reported per series; actual cover differs. No numerical raw ultimate load or deflection extracted from curves. | G25: Tables1,3,4; manuscript pp.14–15; Fig2 p.17 | H25: https://eprints.whiterose.ac.uk/id/eprint/85515/1/Deflection%20behaviour%20of%20FRP%20reinforced%20concrete%20beams%20and%20slabs-%20An%20experimental%20investigation.pdf
A26: R012-SC1a | B26: R012 | C26: Splitting tensile strength | D26: 3.9 | E26: MPa | F26: Concrete strength is CUBE strength; do not treat as cylinder fc. Nominal reinforcement ratio reported per series; actual cover differs. No numerical raw ultimate load or deflection extracted from curves. | G26: Tables1,3,4; manuscript pp.14–15; Fig2 p.17 | H26: https://eprints.whiterose.ac.uk/id/eprint/85515/1/Deflection%20behaviour%20of%20FRP%20reinforced%20concrete%20beams%20and%20slabs-%20An%20experimental%20investigation.pdf
A27: R012-SC1a | B27: R012 | C27: Main reinforcement count | D27: 4 | E27: bars | F27: Concrete strength is CUBE strength; do not treat as cylinder fc. Nominal reinforcement ratio reported per series; actual cover differs. No numerical raw ultimate load or deflection extracted from curves. | G27: Tables1,3,4; manuscript pp.14–15; Fig2 p.17 | H27: https://eprints.whiterose.ac.uk/id/eprint/85515/1/Deflection%20behaviour%20of%20FRP%20reinforced%20concrete%20beams%20and%20slabs-%20An%20experimental%20investigation.pdf
A28: R012-SC1b | B28: R012 | C28: Source series | D28: SC1 | F28: Concrete strength is CUBE strength; do not treat as cylinder fc. Nominal reinforcement ratio reported per series; actual cover differs. No numerical raw ultimate load or deflection extracted from curves. | G28: Tables1,3,4; manuscript pp.14–15; Fig2 p.17 | H28: https://eprints.whiterose.ac.uk/id/eprint/85515/1/Deflection%20behaviour%20of%20FRP%20reinforced%20concrete%20beams%20and%20slabs-%20An%20experimental%20investigation.pdf
A29: R012-SC1b | B29: R012 | C29: Splitting tensile strength | D29: 3.9 | E29: MPa | F29: Concrete strength is CUBE strength; do not treat as cylinder fc. Nominal reinforcement ratio reported per series; actual cover differs. No numerical raw ultimate load or deflection extracted from curves. | G29: Tables1,3,4; manuscript pp.14–15; Fig2 p.17 | H29: https://eprints.whiterose.ac.uk/id/eprint/85515/1/Deflection%20behaviour%20of%20FRP%20reinforced%20concrete%20beams%20and%20slabs-%20An%20experimental%20investigation.pdf
A30: R012-SC1b | B30: R012 | C30: Main reinforcement count | D30: 4 | E30: bars | F30: Concrete strength is CUBE strength; do not treat as cylinder fc. Nominal reinforcement ratio reported per series; actual cover differs. No numerical raw ultimate load or deflection extracted from curves. | G30: Tables1,3,4; manuscript pp.14–15; Fig2 p.17 | H30: https://eprints.whiterose.ac.uk/id/eprint/85515/1/Deflection%20behaviour%20of%20FRP%20reinforced%20concrete%20beams%20and%20slabs-%20An%20experimental%20investigation.pdf
A31: R012-SC2a | B31: R012 | C31: Source series | D31: SC2 | F31: Concrete strength is CUBE strength; do not treat as cylinder fc. Nominal reinforcement ratio reported per series; actual cover differs. No numerical raw ultimate load or deflection extracted from curves. | G31: Tables1,3,4; manuscript pp.14–15; Fig2 p.17 | H31: https://eprints.whiterose.ac.uk/id/eprint/85515/1/Deflection%20behaviour%20of%20FRP%20reinforced%20concrete%20beams%20and%20slabs-%20An%20experimental%20investigation.pdf
A32: R012-SC2a | B32: R012 | C32: Splitting tensile strength | D32: 3.4 | E32: MPa | F32: Concrete strength is CUBE strength; do not treat as cylinder fc. Nominal reinforcement ratio reported per series; actual cover differs. No numerical raw ultimate load or deflection extracted from curves. | G32: Tables1,3,4; manuscript pp.14–15; Fig2 p.17 | H32: https://eprints.whiterose.ac.uk/id/eprint/85515/1/Deflection%20behaviour%20of%20FRP%20reinforced%20concrete%20beams%20and%20slabs-%20An%20experimental%20investigation.pdf
A33: R012-SC2a | B33: R012 | C33: Main reinforcement count | D33: 4 | E33: bars | F33: Concrete strength is CUBE strength; do not treat as cylinder fc. Nominal reinforcement ratio reported per series; actual cover differs. No numerical raw ultimate load or deflection extracted from curves. | G33: Tables1,3,4; manuscript pp.14–15; Fig2 p.17 | H33: https://eprints.whiterose.ac.uk/id/eprint/85515/1/Deflection%20behaviour%20of%20FRP%20reinforced%20concrete%20beams%20and%20slabs-%20An%20experimental%20investigation.pdf
A34: R012-SC2b | B34: R012 | C34: Source series | D34: SC2 | F34: Concrete strength is CUBE strength; do not treat as cylinder fc. Nominal reinforcement ratio reported per series; actual cover differs. No numerical raw ultimate load or deflection extracted from curves. | G34: Tables1,3,4; manuscript pp.14–15; Fig2 p.17 | H34: https://eprints.whiterose.ac.uk/id/eprint/85515/1/Deflection%20behaviour%20of%20FRP%20reinforced%20concrete%20beams%20and%20slabs-%20An%20experimental%20investigation.pdf
A35: R012-SC2b | B35: R012 | C35: Splitting tensile strength | D35: 3.4 | E35: MPa | F35: Concrete strength is CUBE strength; do not treat as cylinder fc. Nominal reinforcement ratio reported per series; actual cover differs. No numerical raw ultimate load or deflection extracted from curves. | G35: Tables1,3,4; manuscript pp.14–15; Fig2 p.17 | H35: https://eprints.whiterose.ac.uk/id/eprint/85515/1/Deflection%20behaviour%20of%20FRP%20reinforced%20concrete%20beams%20and%20slabs-%20An%20experimental%20investigation.pdf
A36: R012-SC2b | B36: R012 | C36: Main reinforcement count | D36: 4 | E36: bars | F36: Concrete strength is CUBE strength; do not treat as cylinder fc. Nominal reinforcement ratio reported per series; actual cover differs. No numerical raw ultimate load or deflection extracted from curves. | G36: Tables1,3,4; manuscript pp.14–15; Fig2 p.17 | H36: https://eprints.whiterose.ac.uk/id/eprint/85515/1/Deflection%20behaviour%20of%20FRP%20reinforced%20concrete%20beams%20and%20slabs-%20An%20experimental%20investigation.pdf
A37: R012-SC3a | B37: R012 | C37: Source series | D37: SC3 | F37: Concrete strength is CUBE strength; do not treat as cylinder fc. Nominal reinforcement ratio reported per series; actual cover differs. No numerical raw ultimate load or deflection extracted from curves. | G37: Tables1,3,4; manuscript pp.14–15; Fig2 p.17 | H37: https://eprints.whiterose.ac.uk/id/eprint/85515/1/Deflection%20behaviour%20of%20FRP%20reinforced%20concrete%20beams%20and%20slabs-%20An%20experimental%20investigation.pdf
A38: R012-SC3a | B38: R012 | C38: Splitting tensile strength | D38: 3.8 | E38: MPa | F38: Concrete strength is CUBE strength; do not treat as cylinder fc. Nominal reinforcement ratio reported per series; actual cover differs. No numerical raw ultimate load or deflection extracted from curves. | G38: Tables1,3,4; manuscript pp.14–15; Fig2 p.17 | H38: https://eprints.whiterose.ac.uk/id/eprint/85515/1/Deflection%20behaviour%20of%20FRP%20reinforced%20concrete%20beams%20and%20slabs-%20An%20experimental%20investigation.pdf
A39: R012-SC3a | B39: R012 | C39: Main reinforcement count | D39: 4 | E39: bars | F39: Concrete strength is CUBE strength; do not treat as cylinder fc. Nominal reinforcement ratio reported per series; actual cover differs. No numerical raw ultimate load or deflection extracted from curves. | G39: Tables1,3,4; manuscript pp.14–15; Fig2 p.17 | H39: https://eprints.whiterose.ac.uk/id/eprint/85515/1/Deflection%20behaviour%20of%20FRP%20reinforced%20concrete%20beams%20and%20slabs-%20An%20experimental%20investigation.pdf
A40: R012-SC3b | B40: R012 | C40: Source series | D40: SC3 | F40: Concrete strength is CUBE strength; do not treat as cylinder fc. Nominal reinforcement ratio reported per series; actual cover differs. No numerical raw ultimate load or deflection extracted from curves. | G40: Tables1,3,4; manuscript pp.14–15; Fig2 p.17 | H40: https://eprints.whiterose.ac.uk/id/eprint/85515/1/Deflection%20behaviour%20of%20FRP%20reinforced%20concrete%20beams%20and%20slabs-%20An%20experimental%20investigation.pdf
A41: R012-SC3b | B41: R012 | C41: Splitting tensile strength | D41: 3.8 | E41: MPa | F41: Concrete strength is CUBE strength; do not treat as cylinder fc. Nominal reinforcement ratio reported per series; actual cover differs. No numerical raw ultimate load or deflection extracted from curves. | G41: Tables1,3,4; manuscript pp.14–15; Fig2 p.17 | H41: https://eprints.whiterose.ac.uk/id/eprint/85515/1/Deflection%20behaviour%20of%20FRP%20reinforced%20concrete%20beams%20and%20slabs-%20An%20experimental%20investigation.pdf
A42: R012-SC3b | B42: R012 | C42: Main reinforcement count | D42: 4 | E42: bars | F42: Concrete strength is CUBE strength; do not treat as cylinder fc. Nominal reinforcement ratio reported per series; actual cover differs. No numerical raw ultimate load or deflection extracted from curves. | G42: Tables1,3,4; manuscript pp.14–15; Fig2 p.17 | H42: https://eprints.whiterose.ac.uk/id/eprint/85515/1/Deflection%20behaviour%20of%20FRP%20reinforced%20concrete%20beams%20and%20slabs-%20An%20experimental%20investigation.pdf
A43: R012-SSa | B43: R012 | C43: Source series | D43: SS | F43: Concrete strength is CUBE strength; do not treat as cylinder fc. Nominal reinforcement ratio reported per series; actual cover differs. No numerical raw ultimate load or deflection extracted from curves. | G43: Tables1,3,4; manuscript pp.14–15; Fig2 p.17 | H43: https://eprints.whiterose.ac.uk/id/eprint/85515/1/Deflection%20behaviour%20of%20FRP%20reinforced%20concrete%20beams%20and%20slabs-%20An%20experimental%20investigation.pdf
A44: R012-SSa | B44: R012 | C44: Splitting tensile strength | D44: 3.6 | E44: MPa | F44: Concrete strength is CUBE strength; do not treat as cylinder fc. Nominal reinforcement ratio reported per series; actual cover differs. No numerical raw ultimate load or deflection extracted from curves. | G44: Tables1,3,4; manuscript pp.14–15; Fig2 p.17 | H44: https://eprints.whiterose.ac.uk/id/eprint/85515/1/Deflection%20behaviour%20of%20FRP%20reinforced%20concrete%20beams%20and%20slabs-%20An%20experimental%20investigation.pdf
A45: R012-SSa | B45: R012 | C45: Main reinforcement count | D45: 4 | E45: bars | F45: Concrete strength is CUBE strength; do not treat as cylinder fc. Nominal reinforcement ratio reported per series; actual cover differs. No numerical raw ultimate load or deflection extracted from curves. | G45: Tables1,3,4; manuscript pp.14–15; Fig2 p.17 | H45: https://eprints.whiterose.ac.uk/id/eprint/85515/1/Deflection%20behaviour%20of%20FRP%20reinforced%20concrete%20beams%20and%20slabs-%20An%20experimental%20investigation.pdf
A46: R012-SSb | B46: R012 | C46: Source series | D46: SS | F46: Concrete strength is CUBE strength; do not treat as cylinder fc. Nominal reinforcement ratio reported per series; actual cover differs. No numerical raw ultimate load or deflection extracted from curves. | G46: Tables1,3,4; manuscript pp.14–15; Fig2 p.17 | H46: https://eprints.whiterose.ac.uk/id/eprint/85515/1/Deflection%20behaviour%20of%20FRP%20reinforced%20concrete%20beams%20and%20slabs-%20An%20experimental%20investigation.pdf
A47: R012-SSb | B47: R012 | C47: Splitting tensile strength | D47: 3.6 | E47: MPa | F47: Concrete strength is CUBE strength; do not treat as cylinder fc. Nominal reinforcement ratio reported per series; actual cover differs. No numerical raw ultimate load or deflection extracted from curves. | G47: Tables1,3,4; manuscript pp.14–15; Fig2 p.17 | H47: https://eprints.whiterose.ac.uk/id/eprint/85515/1/Deflection%20behaviour%20of%20FRP%20reinforced%20concrete%20beams%20and%20slabs-%20An%20experimental%20investigation.pdf
A48: R012-SSb | B48: R012 | C48: Main reinforcement count | D48: 4 | E48: bars | F48: Concrete strength is CUBE strength; do not treat as cylinder fc. Nominal reinforcement ratio reported per series; actual cover differs. No numerical raw ultimate load or deflection extracted from curves. | G48: Tables1,3,4; manuscript pp.14–15; Fig2 p.17 | H48: https://eprints.whiterose.ac.uk/id/eprint/85515/1/Deflection%20behaviour%20of%20FRP%20reinforced%20concrete%20beams%20and%20slabs-%20An%20experimental%20investigation.pdf
A49: R002-GA-56 | B49: R002 | C49: Main reinforcement total area | D49: 1420 | E49: mm² | F49: Ef and rho retained from Table3-3. Table5-1 reports different measured bar moduli; do not use for model validation before reconciliation. Published Vexp rounded separately, not exactly Pu/2. | G49: Table3-3 p70, Table4-1 p83, Table5-4 p133 | H49: https://www.researchgate.net/publication/260165629_BEHAVIOUR_OF_SHEAR_CRITICAL_FRP_REINFORCED_CONCRETE_ONE-WAY_SLABS
A50: R002-GV-46 | B50: R002 | C50: Main reinforcement total area | D50: 1136 | E50: mm² | F50: Ef and rho retained from Table3-3. Table5-1 reports different measured bar moduli; do not use for model validation before reconciliation. Published Vexp rounded separately, not exactly Pu/2. | G50: Table3-3 p70, Table4-1 p83, Table5-4 p133 | H50: https://www.researchgate.net/publication/260165629_BEHAVIOUR_OF_SHEAR_CRITICAL_FRP_REINFORCED_CONCRETE_ONE-WAY_SLABS
A51: R002-GV-56 | B51: R002 | C51: Main reinforcement total area | D51: 1420 | E51: mm² | F51: Ef and rho retained from Table3-3. Table5-1 reports different measured bar moduli; do not use for model validation before reconciliation. Published Vexp rounded separately, not exactly Pu/2. Ultimate response not transcribed; missing rather than estimated. | G51: Table3-3 p70, Table4-1 p83, Table5-4 p133 | H51: https://www.researchgate.net/publication/260165629_BEHAVIOUR_OF_SHEAR_CRITICAL_FRP_REINFORCED_CONCRETE_ONE-WAY_SLABS
A52: R002-GV-66 | B52: R002 | C52: Main reinforcement total area | D52: 1704 | E52: mm² | F52: Ef and rho retained from Table3-3. Table5-1 reports different measured bar moduli; do not use for model validation before reconciliation. Published Vexp rounded separately, not exactly Pu/2. Ultimate response not transcribed; missing rather than estimated. | G52: Table3-3 p70, Table4-1 p83, Table5-4 p133 | H52: https://www.researchgate.net/publication/260165629_BEHAVIOUR_OF_SHEAR_CRITICAL_FRP_REINFORCED_CONCRETE_ONE-WAY_SLABS
A53: R002-GV-76 | B53: R002 | C53: Main reinforcement total area | D53: 1988 | E53: mm² | F53: Ef and rho retained from Table3-3. Table5-1 reports different measured bar moduli; do not use for model validation before reconciliation. Published Vexp rounded separately, not exactly Pu/2. Ultimate response not transcribed; missing rather than estimated. | G53: Table3-3 p70, Table4-1 p83, Table5-4 p133 | H53: https://www.researchgate.net/publication/260165629_BEHAVIOUR_OF_SHEAR_CRITICAL_FRP_REINFORCED_CONCRETE_ONE-WAY_SLABS
A54: R002-GV-58 | B54: R002 | C54: Main reinforcement total area | D54: 2550 | E54: mm² | F54: Ef and rho retained from Table3-3. Table5-1 reports different measured bar moduli; do not use for model validation before reconciliation. Published Vexp rounded separately, not exactly Pu/2. | G54: Table3-3 p70, Table4-1 p83, Table5-4 p133 | H54: https://www.researchgate.net/publication/260165629_BEHAVIOUR_OF_SHEAR_CRITICAL_FRP_REINFORCED_CONCRETE_ONE-WAY_SLABS
A55: R002-GH-56 | B55: R002 | C55: Main reinforcement total area | D55: 1420 | E55: mm² | F55: Ef and rho retained from Table3-3. Table5-1 reports different measured bar moduli; do not use for model validation before reconciliation. Published Vexp rounded separately, not exactly Pu/2. | G55: Table3-3 p70, Table4-1 p83, Table5-4 p133 | H55: https://www.researchgate.net/publication/260165629_BEHAVIOUR_OF_SHEAR_CRITICAL_FRP_REINFORCED_CONCRETE_ONE-WAY_SLABS
A56: R002-GH-66 | B56: R002 | C56: Main reinforcement total area | D56: 1704 | E56: mm² | F56: Ef and rho retained from Table3-3. Table5-1 reports different measured bar moduli; do not use for model validation before reconciliation. Published Vexp rounded separately, not exactly Pu/2. | G56: Table3-3 p70, Table4-1 p83, Table5-4 p133 | H56: https://www.researchgate.net/publication/260165629_BEHAVIOUR_OF_SHEAR_CRITICAL_FRP_REINFORCED_CONCRETE_ONE-WAY_SLABS
A57: R002-GH-66B | B57: R002 | C57: Main reinforcement total area | D57: 3408 | E57: mm² | F57: Ef and rho retained from Table3-3. Table5-1 reports different measured bar moduli; do not use for model validation before reconciliation. Published Vexp rounded separately, not exactly Pu/2. Bundled longitudinal bars. | G57: Table3-3 p70, Table4-1 p83, Table5-4 p133 | H57: https://www.researchgate.net/publication/260165629_BEHAVIOUR_OF_SHEAR_CRITICAL_FRP_REINFORCED_CONCRETE_ONE-WAY_SLABS
A58: R002-GH-78 | B58: R002 | C58: Main reinforcement total area | D58: 3570 | E58: mm² | F58: Ef and rho retained from Table3-3. Table5-1 reports different measured bar moduli; do not use for model validation before reconciliation. Published Vexp rounded separately, not exactly Pu/2. | G58: Table3-3 p70, Table4-1 p83, Table5-4 p133 | H58: https://www.researchgate.net/publication/260165629_BEHAVIOUR_OF_SHEAR_CRITICAL_FRP_REINFORCED_CONCRETE_ONE-WAY_SLABS
... A70: R002-S-56 | B70: R002 | C70: Main reinforcement total area | D70: 1500 | E70: mm² | F70: Ef and rho retained from Table3-3. Table5-1 reports different measured bar moduli; do not use for model validation before reconciliation. Published Vexp rounded separately, not exactly Pu/2. | G70: Table3-3 p70, Table4-1 p83, Table5-4 p133 | H70: https://www.researchgate.net/publication/260165629_BEHAVIOUR_OF_SHEAR_CRITICAL_FRP_REINFORCED_CONCRETE_ONE-WAY_SLABS
A71: R060-S-150-T | B71: R060 | C71: Main reinforcement count | D71: 5 | E71: bars | G71: Tables1–2 p355; Tables3–4 p358 | H71: https://www.academia.edu/68347252/Flexural_Behavior_of_One_Way_Concrete_Slabs_Reinforced_by_Fiber_Reinforced_Plastic_Reinforcements
A72: R060-I-150-A | B72: R060 | C72: Main reinforcement count | D72: 4 | E72: bars | G72: Tables1–2 p355; Tables3–4 p358 | H72: https://www.academia.edu/68347252/Flexural_Behavior_of_One_Way_Concrete_Slabs_Reinforced_by_Fiber_Reinforced_Plastic_Reinforcements
A73: R060-I-150-B | B73: R060 | C73: Main reinforcement count | D73: 4 | E73: bars | G73: Tables1–2 p355; Tables3–4 p358 | H73: https://www.academia.edu/68347252/Flexural_Behavior_of_One_Way_Concrete_Slabs_Reinforced_by_Fiber_Reinforced_Plastic_Reinforcements
A74: R060-I-150-C | B74: R060 | C74: Main reinforcement count | D74: 5 | E74: bars | G74: Tables1–2 p355; Tables3–4 p358 | H74: https://www.academia.edu/68347252/Flexural_Behavior_of_One_Way_Concrete_Slabs_Reinforced_by_Fiber_Reinforced_Plastic_Reinforcements
A75: R060-S-200-T | B75: R060 | C75: Main reinforcement count | D75: 6 | E75: bars | G75: Tables1–2 p355; Tables3–4 p358 | H75: https://www.academia.edu/68347252/Flexural_Behavior_of_One_Way_Concrete_Slabs_Reinforced_by_Fiber_Reinforced_Plastic_Reinforcements
A76: R060-I-200-A | B76: R060 | C76: Main reinforcement count | D76: 5 | E76: bars | G76: Tables1–2 p355; Tables3–4 p358 | H76: https://www.academia.edu/68347252/Flexural_Behavior_of_One_Way_Concrete_Slabs_Reinforced_by_Fiber_Reinforced_Plastic_Reinforcements
A77: R060-I-200-C | B77: R060 | C77: Main reinforcement count | D77: 6 | E77: bars | G77: Tables1–2 p355; Tables3–4 p358 | H77: https://www.academia.edu/68347252/Flexural_Behavior_of_One_Way_Concrete_Slabs_Reinforced_by_Fiber_Reinforced_Plastic_Reinforcements
A78: R060-LL-200-C | B78: R060 | C78: Main reinforcement count | D78: 6 | E78: bars | G78: Tables1–2 p355; Tables3–4 p358 | H78: https://www.academia.edu/68347252/Flexural_Behavior_of_One_Way_Concrete_Slabs_Reinforced_by_Fiber_Reinforced_Plastic_Reinforcements
A79: R048-R-load_section | B79: R048 | C79: Girder spacing | D79: 3050 | E79: mm | F79: Pmin/Pmax sequence; individual reinforcement properties; raw stiffness/deflection values | G79: Abstract, original 04024023 paper | H79: https://www.researchgate.net/publication/381744449_Rolling_Load_versus_Pulsating_Load_Fatigue_Behavior_of_a_Full-Scale_Bridge_Deck_Reinforced_with_GFRP_Bars
A80: R048-R-load_section | B80: R048 | C80: Test-zone length | D80: 3810 | E80: mm | F80: Pmin/Pmax sequence; individual reinforcement properties; raw stiffness/deflection values | G80: Abstract, original 04024023 paper | H80: https://www.researchgate.net/publication/381744449_Rolling_Load_versus_Pulsating_Load_Fatigue_Behavior_of_a_Full-Scale_Bridge_Deck_Reinforced_with_GFRP_Bars
A81: R048-P-load_section | B81: R048 | C81: Girder spacing | D81: 3050 | E81: mm | G81: Abstract, original 04024023 paper | H81: https://www.researchgate.net/publication/381744449_Rolling_Load_versus_Pulsating_Load_Fatigue_Behavior_of_a_Full-Scale_Bridge_Deck_Reinforced_with_GFRP_Bars
A82: R048-P-load_section | B82: R048 | C82: Test-zone length | D82: 3810 | E82: mm | G82: Abstract, original 04024023 paper | H82: https://www.researchgate.net/publication/381744449_Rolling_Load_versus_Pulsating_Load_Fatigue_Behavior_of_a_Full-Scale_Bridge_Deck_Reinforced_with_GFRP_Bars
A83: R022-Morristown_Bridge | B83: R022 | C83: Bridge span | D83: 43900 | E83: mm | F83: Field load below design service load. Source Table2 reinforcement ratios differ from direct Af/(sd) with listed cover; retained as source-reported, not silently recomputed. No ultimate load or fatigue life measured. | G83: Table1 p.218; Table2 p.219; field loading pp.219-220; response pp.220-222 and conclusions p.225 | H83: https://doi.org/10.1061/(ASCE)1084-0702(2006)11:2(217)
A84: R022-Morristown_Bridge | B84: R022 | C84: Girder spacing | D84: 2360 | E84: mm | F84: Field load below design service load. Source Table2 reinforcement ratios differ from direct Af/(sd) with listed cover; retained as source-reported, not silently recomputed. No ultimate load or fatigue life measured. | G84: Table1 p.218; Table2 p.219; field loading pp.219-220; response pp.220-222 and conclusions p.225 | H84: https://doi.org/10.1061/(ASCE)1084-0702(2006)11:2(217)
A85: R022-Morristown_Bridge | B85: R022 | C85: Girder count | D85: 5 | E85: girders | F85: Field load below design service load. Source Table2 reinforcement ratios differ from direct Af/(sd) with listed cover; retained as source-reported, not silently recomputed. No ultimate load or fatigue life measured. | G85: Table1 p.218; Table2 p.219; field loading pp.219-220; response pp.220-222 and conclusions p.225 | H85: https://doi.org/10.1061/(ASCE)1084-0702(2006)11:2(217)
A86: R022-Morristown_Bridge | B86: R022 | C86: Deck overhang | D86: 915 | E86: mm | F86: Field load below design service load. Source Table2 reinforcement ratios differ from direct Af/(sd) with listed cover; retained as source-reported, not silently recomputed. No ultimate load or fatigue life measured. | G86: Table1 p.218; Table2 p.219; field loading pp.219-220; response pp.220-222 and conclusions p.225 | H86: https://doi.org/10.1061/(ASCE)1084-0702(2006)11:2(217)
A87: R022-Morristown_Bridge | B87: R022 | C87: Bar cross-sectional area | D87: 275 | E87: mm² | F87: Field load below design service load. Source Table2 reinforcement ratios differ from direct Af/(sd) with listed cover; retained as source-reported, not silently recomputed. No ultimate load or fatigue life measured. | G87: Table1 p.218; Table2 p.219; field loading pp.219-220; response pp.220-222 and conclusions p.225 | H87: https://doi.org/10.1061/(ASCE)1084-0702(2006)11:2(217)
A88: R022-Morristown_Bridge | B88: R022 | C88: Bar modulus standard deviation | D88: 1 | E88: GPa | F88: Field load below design service load. Source Table2 reinforcement ratios differ from direct Af/(sd) with listed cover; retained as source-reported, not silently recomputed. No ultimate load or fatigue life measured. | G88: Table1 p.218; Table2 p.219; field loading pp.219-220; response pp.220-222 and conclusions p.225 | H88: https://doi.org/10.1061/(ASCE)1084-0702(2006)11:2(217)
A89: R022-Morristown_Bridge | B89: R022 | C89: Bar tensile-strength standard deviation | D89: 24 | E89: MPa | F89: Field load below design service load. Source Table2 reinforcement ratios differ from direct Af/(sd) with listed cover; retained as source-reported, not silently recomputed. No ultimate load or fatigue life measured. | G89: Table1 p.218; Table2 p.219; field loading pp.219-220; response pp.220-222 and conclusions p.225 | H89: https://doi.org/10.1061/(ASCE)1084-0702(2006)11:2(217)
A90: R022-Morristown_Bridge | B90: R022 | C90: Bar ultimate strain | D90: 1.49 | E90: % | F90: Field load below design service load. Source Table2 reinforcement ratios differ from direct Af/(sd) with listed cover; retained as source-reported, not silently recomputed. No ultimate load or fatigue life measured. | G90: Table1 p.218; Table2 p.219; field loading pp.219-220; response pp.220-222 and conclusions p.225 | H90: https://doi.org/10.1061/(ASCE)1084-0702(2006)11:2(217)
A91: R022-Morristown_Bridge | B91: R022 | C91: Top transverse bar spacing | D91: 100 | E91: mm | F91: Field load below design service load. Source Table2 reinforcement ratios differ from direct Af/(sd) with listed cover; retained as source-reported, not silently recomputed. No ultimate load or fatigue life measured. | G91: Table1 p.218; Table2 p.219; field loading pp.219-220; response pp.220-222 and conclusions p.225 | H91: https://doi.org/10.1061/(ASCE)1084-0702(2006)11:2(217)
A92: R022-Morristown_Bridge | B92: R022 | C92: Bottom transverse bar spacing | D92: 100 | E92: mm | F92: Field load below design service load. Source Table2 reinforcement ratios differ from direct Af/(sd) with listed cover; retained as source-reported, not silently recomputed. No ultimate load or fatigue life measured. | G92: Table1 p.218; Table2 p.219; field loading pp.219-220; response pp.220-222 and conclusions p.225 | H92: https://doi.org/10.1061/(ASCE)1084-0702(2006)11:2(217)
A93: R022-Morristown_Bridge | B93: R022 | C93: Top longitudinal bar spacing | D93: 150 | E93: mm | F93: Field load below design service load. Source Table2 reinforcement ratios differ from direct Af/(sd) with listed cover; retained as source-reported, not silently recomputed. No ultimate load or fatigue life measured. | G93: Table1 p.218; Table2 p.219; field loading pp.219-220; response pp.220-222 and conclusions p.225 | H93: https://doi.org/10.1061/(ASCE)1084-0702(2006)11:2(217)
A94: R022-Morristown_Bridge | B94: R022 | C94: Bottom longitudinal bar spacing | D94: 150 | E94: mm | F94: Field load below design service load. Source Table2 reinforcement ratios differ from direct Af/(sd) with listed cover; retained as source-reported, not silently recomputed. No ultimate load or fatigue life measured. | G94: Table1 p.218; Table2 p.219; field loading pp.219-220; response pp.220-222 and conclusions p.225 | H94: https://doi.org/10.1061/(ASCE)1084-0702(2006)11:2(217)
... A98: R022-Morristown_Bridge | B98: R022 | C98: Bottom longitudinal reinforcement ratio: source-reported | D98: 1.1 | E98: % | F98: Field load below design service load. Source Table2 reinforcement ratios differ from direct Af/(sd) with listed cover; retained as source-reported, not silently recomputed. No ultimate load or fatigue life measured. | G98: Table1 p.218; Table2 p.219; field loading pp.219-220; response pp.220-222 and conclusions p.225 | H98: https://doi.org/10.1061/(ASCE)1084-0702(2006)11:2(217)
A99: R022-Morristown_Bridge | B99: R022 | C99: Bar surface | D99: sand coated | F99: Field load below design service load. Source Table2 reinforcement ratios differ from direct Af/(sd) with listed cover; retained as source-reported, not silently recomputed. No ultimate load or fatigue life measured. | G99: Table1 p.218; Table2 p.219; field loading pp.219-220; response pp.220-222 and conclusions p.225 | H99: https://doi.org/10.1061/(ASCE)1084-0702(2006)11:2(217)
A100: R022-Morristown_Bridge | B100: R022 | C100: Bar resin | D100: vinyl ester | F100: Field load below design service load. Source Table2 reinforcement ratios differ from direct Af/(sd) with listed cover; retained as source-reported, not silently recomputed. No ultimate load or fatigue life measured. | G100: Table1 p.218; Table2 p.219; field loading pp.219-220; response pp.220-222 and conclusions p.225 | H100: https://doi.org/10.1061/(ASCE)1084-0702(2006)11:2(217)
A101: R022-Morristown_Bridge | B101: R022 | C101: Fibers | D101: E-glass, 75% by volume | F101: Field load below design service load. Source Table2 reinforcement ratios differ from direct Af/(sd) with listed cover; retained as source-reported, not silently recomputed. No ultimate load or fatigue life measured. | G101: Table1 p.218; Table2 p.219; field loading pp.219-220; response pp.220-222 and conclusions p.225 | H101: https://doi.org/10.1061/(ASCE)1084-0702(2006)11:2(217)
A102: R022-Morristown_Bridge | B102: R022 | C102: Maximum field-test wheel load | D102: 61.5 | E102: kN | F102: Field load below design service load. Source Table2 reinforcement ratios differ from direct Af/(sd) with listed cover; retained as source-reported, not silently recomputed. No ultimate load or fatigue life measured. | G102: Table1 p.218; Table2 p.219; field loading pp.219-220; response pp.220-222 and conclusions p.225 | H102: https://doi.org/10.1061/(ASCE)1084-0702(2006)11:2(217)
A103: R022-Morristown_Bridge | B103: R022 | C103: Design service wheel load | D103: 114.4 | E103: kN | F103: Field load below design service load. Source Table2 reinforcement ratios differ from direct Af/(sd) with listed cover; retained as source-reported, not silently recomputed. No ultimate load or fatigue life measured. | G103: Table1 p.218; Table2 p.219; field loading pp.219-220; response pp.220-222 and conclusions p.225 | H103: https://doi.org/10.1061/(ASCE)1084-0702(2006)11:2(217)
A104: R022-Morristown_Bridge | B104: R022 | C104: Static test date | D104: October2003 | F104: Field load below design service load. Source Table2 reinforcement ratios differ from direct Af/(sd) with listed cover; retained as source-reported, not silently recomputed. No ultimate load or fatigue life measured. | G104: Table1 p.218; Table2 p.219; field loading pp.219-220; response pp.220-222 and conclusions p.225 | H104: https://doi.org/10.1061/(ASCE)1084-0702(2006)11:2(217)
A105: R022-Morristown_Bridge | B105: R022 | C105: Opening date | D105: September2002 | F105: Field load below design service load. Source Table2 reinforcement ratios differ from direct Af/(sd) with listed cover; retained as source-reported, not silently recomputed. No ultimate load or fatigue life measured. | G105: Table1 p.218; Table2 p.219; field loading pp.219-220; response pp.220-222 and conclusions p.225 | H105: https://doi.org/10.1061/(ASCE)1084-0702(2006)11:2(217)
A106: R041-Cookshire-Eaton_Section_G | B106: R041 | C106: Bridge span | D106: 26040 | E106: mm | F106: Bottom reinforcement transcription on author full text is internally inconsistent; omit unverified spacing/direction. Below-design-load proof test. | G106: Table1 p.471; geometry pp.471-472; response pp.473-475 | H106: https://www.researchgate.net/publication/228666609_Field_Investigation_on_the_First_Bridge_Deck_Slab_Reinforced_with_Glass_FRP_Bars_Constructed_in_Canada
A107: R041-Cookshire-Eaton_Section_G | B107: R041 | C107: Girder spacing | D107: 2700 | E107: mm | F107: Bottom reinforcement transcription on author full text is internally inconsistent; omit unverified spacing/direction. Below-design-load proof test. | G107: Table1 p.471; geometry pp.471-472; response pp.473-475 | H107: https://www.researchgate.net/publication/228666609_Field_Investigation_on_the_First_Bridge_Deck_Slab_Reinforced_with_Glass_FRP_Bars_Constructed_in_Canada
A108: R041-Cookshire-Eaton_Section_G | B108: R041 | C108: Maximum field-test wheel load | D108: 53.65 | E108: kN | F108: Bottom reinforcement transcription on author full text is internally inconsistent; omit unverified spacing/direction. Below-design-load proof test. | G108: Table1 p.471; geometry pp.471-472; response pp.473-475 | H108: https://www.researchgate.net/publication/228666609_Field_Investigation_on_the_First_Bridge_Deck_Slab_Reinforced_with_Glass_FRP_Bars_Constructed_in_Canada
A109: R041-Cookshire-Eaton_Section_G | B109: R041 | C109: Design service wheel load | D109: 110.25 | E109: kN | F109: Bottom reinforcement transcription on author full text is internally inconsistent; omit unverified spacing/direction. Below-design-load proof test. | G109: Table1 p.471; geometry pp.471-472; response pp.473-475 | H109: https://www.researchgate.net/publication/228666609_Field_Investigation_on_the_First_Bridge_Deck_Slab_Reinforced_with_Glass_FRP_Bars_Constructed_in_Canada
A110: R041-Cookshire-Eaton_Section_S | B110: R041 | C110: Bridge span | D110: 26040 | E110: mm | G110: Table1 p.471; Fig8 p.474 | H110: https://www.researchgate.net/publication/228666609_Field_Investigation_on_the_First_Bridge_Deck_Slab_Reinforced_with_Glass_FRP_Bars_Constructed_in_Canada
A111: R041-Cookshire-Eaton_Section_S | B111: R041 | C111: Girder spacing | D111: 2700 | E111: mm | G111: Table1 p.471; Fig8 p.474 | H111: https://www.researchgate.net/publication/228666609_Field_Investigation_on_the_First_Bridge_Deck_Slab_Reinforced_with_Glass_FRP_Bars_Constructed_in_Canada
A112: R041-Cookshire-Eaton_Section_S | B112: R041 | C112: Bar cross-sectional area | D112: 200 | E112: mm² | G112: Table1 p.471; Fig8 p.474 | H112: https://www.researchgate.net/publication/228666609_Field_Investigation_on_the_First_Bridge_Deck_Slab_Reinforced_with_Glass_FRP_Bars_Constructed_in_Canada

Sheet Test Results
A2: Measured responses and censored observations
A3: One response per row. Multiple responses from the same experimental unit do not increase the specimen count.
A6: Observation ID | B6: Unit ID | C6: Reference ID | D6: Response measure | E6: Applied load (kN) | F6: Reported value | G6: Unit | H6: Observation class | I6: Outcome / qualification | J6: Source locator | K6: Source URL
A7: O0001 | B7: R044-S1-S | C7: R044 | D7: First cracking load | F7: 112 | G7: kN | H7: Measured | I7: Punching shear | J7: Tables 1–3 (PDF pp. 4, 5, 9) | K7: https://doi.org/10.1061/(ASCE)BE.1943-5592.0000892
A8: O0002 | B8: R044-S1-S | C8: R044 | D8: Ultimate applied load | F8: 739.6 | G8: kN | H8: Measured | I8: Punching shear | J8: Tables 1–3 (PDF pp. 4, 5, 9) | K8: https://doi.org/10.1061/(ASCE)BE.1943-5592.0000892
A9: O0003 | B9: R044-S1-S | C9: R044 | D9: Deflection at service load | E9: 110.25 | F9: 0.69 | G9: mm | H9: Measured | I9: Punching shear | J9: Tables 1–3 (PDF pp. 4, 5, 9) | K9: https://doi.org/10.1061/(ASCE)BE.1943-5592.0000892
A10: O0004 | B10: R044-S1-S | C10: R044 | D10: Deflection at factored reference load | E10: 208.25 | F10: 2.19 | G10: mm | H10: Measured | I10: Punching shear | J10: Tables 1–3 (PDF pp. 4, 5, 9) | K10: https://doi.org/10.1061/(ASCE)BE.1943-5592.0000892
A11: O0005 | B11: R044-S1-S | C11: R044 | D11: Deflection at ultimate load | E11: 739.6 | F11: 14.68 | G11: mm | H11: Measured | I11: Punching shear | J11: Tables 1–3 (PDF pp. 4, 5, 9) | K11: https://doi.org/10.1061/(ASCE)BE.1943-5592.0000892
A12: O0006 | B12: R044-S1-S | C12: R044 | D12: Maximum crack width at factored reference load | E12: 208.25 | F12: 0.09 | G12: mm | H12: Measured | I12: Punching shear | J12: Tables 1–3 (PDF pp. 4, 5, 9) | K12: https://doi.org/10.1061/(ASCE)BE.1943-5592.0000892
A13: O0007 | B13: R044-S1-S | C13: R044 | D13: Maximum crack width at ultimate load | E13: 739.6 | F13: 1.16 | G13: mm | H13: Measured | I13: Punching shear | J13: Tables 1–3 (PDF pp. 4, 5, 9) | K13: https://doi.org/10.1061/(ASCE)BE.1943-5592.0000892
A14: O0008 | B14: R044-S2-B | C14: R044 | D14: First cracking load | F14: 105.3 | G14: kN | H14: Measured | I14: Punching shear | J14: Tables 1–3 (PDF pp. 4, 5, 9) | K14: https://doi.org/10.1061/(ASCE)BE.1943-5592.0000892
A15: O0009 | B15: R044-S2-B | C15: R044 | D15: Ultimate applied load | F15: 548.3 | G15: kN | H15: Measured | I15: Punching shear | J15: Tables 1–3 (PDF pp. 4, 5, 9) | K15: https://doi.org/10.1061/(ASCE)BE.1943-5592.0000892
A16: O0010 | B16: R044-S2-B | C16: R044 | D16: Deflection at service load | E16: 110.25 | F16: 1.25 | G16: mm | H16: Measured | I16: Punching shear | J16: Tables 1–3 (PDF pp. 4, 5, 9) | K16: https://doi.org/10.1061/(ASCE)BE.1943-5592.0000892
A17: O0011 | B17: R044-S2-B | C17: R044 | D17: Deflection at factored reference load | E17: 208.25 | F17: 4.14 | G17: mm | H17: Measured | I17: Punching shear | J17: Tables 1–3 (PDF pp. 4, 5, 9) | K17: https://doi.org/10.1061/(ASCE)BE.1943-5592.0000892
A18: O0012 | B18: R044-S2-B | C18: R044 | D18: Deflection at ultimate load | E18: 548.3 | F18: 19.83 | G18: mm | H18: Measured | I18: Punching shear | J18: Tables 1–3 (PDF pp. 4, 5, 9) | K18: https://doi.org/10.1061/(ASCE)BE.1943-5592.0000892
A19: O0013 | B19: R044-S2-B | C19: R044 | D19: Maximum crack width at service load | E19: 110.25 | F19: 0.1 | G19: mm | H19: Measured | I19: Punching shear | J19: Tables 1–3 (PDF pp. 4, 5, 9) | K19: https://doi.org/10.1061/(ASCE)BE.1943-5592.0000892
A20: O0014 | B20: R044-S2-B | C20: R044 | D20: Maximum crack width at factored reference load | E20: 208.25 | F20: 0.42 | G20: mm | H20: Measured | I20: Punching shear | J20: Tables 1–3 (PDF pp. 4, 5, 9) | K20: https://doi.org/10.1061/(ASCE)BE.1943-5592.0000892
A21: O0015 | B21: R044-S2-B | C21: R044 | D21: Maximum crack width at ultimate load | E21: 548.3 | F21: 1.82 | G21: mm | H21: Measured | I21: Punching shear | J21: Tables 1–3 (PDF pp. 4, 5, 9) | K21: https://doi.org/10.1061/(ASCE)BE.1943-5592.0000892
A22: O0016 | B22: R044-S3-B | C22: R044 | D22: First cracking load | F22: 134.8 | G22: kN | H22: Measured | I22: Punching shear | J22: Tables 1–3 (PDF pp. 4, 5, 9) | K22: https://doi.org/10.1061/(ASCE)BE.1943-5592.0000892
A23: O0017 | B23: R044-S3-B | C23: R044 | D23: Ultimate applied load | F23: 664.6 | G23: kN | H23: Measured | I23: Punching shear | J23: Tables 1–3 (PDF pp. 4, 5, 9) | K23: https://doi.org/10.1061/(ASCE)BE.1943-5592.0000892
A24: O0018 | B24: R044-S3-B | C24: R044 | D24: Deflection at service load | E24: 110.25 | F24: 0.94 | G24: mm | H24: Measured | I24: Punching shear | J24: Tables 1–3 (PDF pp. 4, 5, 9) | K24: https://doi.org/10.1061/(ASCE)BE.1943-5592.0000892
A25: O0019 | B25: R044-S3-B | C25: R044 | D25: Deflection at factored reference load | E25: 208.25 | F25: 3.34 | G25: mm | H25: Measured | I25: Punching shear | J25: Tables 1–3 (PDF pp. 4, 5, 9) | K25: https://doi.org/10.1061/(ASCE)BE.1943-5592.0000892
A26: O0020 | B26: R044-S3-B | C26: R044 | D26: Deflection at ultimate load | E26: 664.6 | F26: 20.36 | G26: mm | H26: Measured | I26: Punching shear | J26: Tables 1–3 (PDF pp. 4, 5, 9) | K26: https://doi.org/10.1061/(ASCE)BE.1943-5592.0000892
A27: O0021 | B27: R044-S3-B | C27: R044 | D27: Maximum crack width at factored reference load | E27: 208.25 | F27: 0.19 | G27: mm | H27: Measured | I27: Punching shear | J27: Tables 1–3 (PDF pp. 4, 5, 9) | K27: https://doi.org/10.1061/(ASCE)BE.1943-5592.0000892
A28: O0022 | B28: R044-S3-B | C28: R044 | D28: Maximum crack width at ultimate load | E28: 664.6 | F28: 0.94 | G28: mm | H28: Measured | I28: Punching shear | J28: Tables 1–3 (PDF pp. 4, 5, 9) | K28: https://doi.org/10.1061/(ASCE)BE.1943-5592.0000892
A29: O0023 | B29: R044-S4-B | C29: R044 | D29: First cracking load | F29: 120.5 | G29: kN | H29: Measured | I29: Punching shear | J29: Tables 1–3 (PDF pp. 4, 5, 9) | K29: https://doi.org/10.1061/(ASCE)BE.1943-5592.0000892
A30: O0024 | B30: R044-S4-B | C30: R044 | D30: Ultimate applied load | F30: 565.9 | G30: kN | H30: Measured | I30: Punching shear | J30: Tables 1–3 (PDF pp. 4, 5, 9) | K30: https://doi.org/10.1061/(ASCE)BE.1943-5592.0000892
A31: O0025 | B31: R044-S4-B | C31: R044 | D31: Deflection at service load | E31: 110.25 | F31: 1.08 | G31: mm | H31: Measured | I31: Punching shear | J31: Tables 1–3 (PDF pp. 4, 5, 9) | K31: https://doi.org/10.1061/(ASCE)BE.1943-5592.0000892
A32: O0026 | B32: R044-S4-B | C32: R044 | D32: Deflection at factored reference load | E32: 208.25 | F32: 3.41 | G32: mm | H32: Measured | I32: Punching shear | J32: Tables 1–3 (PDF pp. 4, 5, 9) | K32: https://doi.org/10.1061/(ASCE)BE.1943-5592.0000892
A33: O0027 | B33: R044-S4-B | C33: R044 | D33: Deflection at ultimate load | E33: 565.9 | F33: 21.37 | G33: mm | H33: Measured | I33: Punching shear | J33: Tables 1–3 (PDF pp. 4, 5, 9) | K33: https://doi.org/10.1061/(ASCE)BE.1943-5592.0000892
A34: O0028 | B34: R044-S4-B | C34: R044 | D34: Maximum crack width at factored reference load | E34: 208.25 | F34: 0.29 | G34: mm | H34: Measured | I34: Punching shear | J34: Tables 1–3 (PDF pp. 4, 5, 9) | K34: https://doi.org/10.1061/(ASCE)BE.1943-5592.0000892
A35: O0029 | B35: R044-S4-B | C35: R044 | D35: Maximum crack width at ultimate load | E35: 565.9 | F35: 1.26 | G35: mm | H35: Measured | I35: Punching shear | J35: Tables 1–3 (PDF pp. 4, 5, 9) | K35: https://doi.org/10.1061/(ASCE)BE.1943-5592.0000892
A36: O0030 | B36: R044-S5-B | C36: R044 | D36: First cracking load | F36: 108.6 | G36: kN | H36: Measured | I36: Punching shear | J36: Tables 1–3 (PDF pp. 4, 5, 9) | K36: https://doi.org/10.1061/(ASCE)BE.1943-5592.0000892
A37: O0031 | B37: R044-S5-B | C37: R044 | D37: Ultimate applied load | F37: 716.4 | G37: kN | H37: Measured | I37: Punching shear | J37: Tables 1–3 (PDF pp. 4, 5, 9) | K37: https://doi.org/10.1061/(ASCE)BE.1943-5592.0000892
A38: O0032 | B38: R044-S5-B | C38: R044 | D38: Deflection at service load | E38: 110.25 | F38: 0.87 | G38: mm | H38: Measured | I38: Punching shear | J38: Tables 1–3 (PDF pp. 4, 5, 9) | K38: https://doi.org/10.1061/(ASCE)BE.1943-5592.0000892
A39: O0033 | B39: R044-S5-B | C39: R044 | D39: Deflection at factored reference load | E39: 208.25 | F39: 2.53 | G39: mm | H39: Measured | I39: Punching shear | J39: Tables 1–3 (PDF pp. 4, 5, 9) | K39: https://doi.org/10.1061/(ASCE)BE.1943-5592.0000892
A40: O0034 | B40: R044-S5-B | C40: R044 | D40: Deflection at ultimate load | E40: 716.4 | F40: 16.96 | G40: mm | H40: Measured | I40: Punching shear | J40: Tables 1–3 (PDF pp. 4, 5, 9) | K40: https://doi.org/10.1061/(ASCE)BE.1943-5592.0000892
A41: O0035 | B41: R044-S5-B | C41: R044 | D41: Maximum crack width at service load | E41: 110.25 | F41: 0.1 | G41: mm | H41: Measured | I41: Punching shear | J41: Tables 1–3 (PDF pp. 4, 5, 9) | K41: https://doi.org/10.1061/(ASCE)BE.1943-5592.0000892
A42: O0036 | B42: R044-S5-B | C42: R044 | D42: Maximum crack width at factored reference load | E42: 208.25 | F42: 0.19 | G42: mm | H42: Measured | I42: Punching shear | J42: Tables 1–3 (PDF pp. 4, 5, 9) | K42: https://doi.org/10.1061/(ASCE)BE.1943-5592.0000892
A43: O0037 | B43: R044-S5-B | C43: R044 | D43: Maximum crack width at ultimate load | E43: 716.4 | F43: 1.16 | G43: mm | H43: Measured | I43: Punching shear | J43: Tables 1–3 (PDF pp. 4, 5, 9) | K43: https://doi.org/10.1061/(ASCE)BE.1943-5592.0000892
A44: O0038 | B44: R044-S6-B | C44: R044 | D44: First cracking load | F44: 73.1 | G44: kN | H44: Measured | I44: Punching shear | J44: Tables 1–3 (PDF pp. 4, 5, 9) | K44: https://doi.org/10.1061/(ASCE)BE.1943-5592.0000892
A45: O0039 | B45: R044-S6-B | C45: R044 | D45: Ultimate applied load | F45: 575.8 | G45: kN | H45: Measured | I45: Punching shear | J45: Tables 1–3 (PDF pp. 4, 5, 9) | K45: https://doi.org/10.1061/(ASCE)BE.1943-5592.0000892
A46: O0040 | B46: R044-S6-B | C46: R044 | D46: Deflection at service load | E46: 110.25 | F46: 1.86 | G46: mm | H46: Measured | I46: Punching shear | J46: Tables 1–3 (PDF pp. 4, 5, 9) | K46: https://doi.org/10.1061/(ASCE)BE.1943-5592.0000892
A47: O0041 | B47: R044-S6-B | C47: R044 | D47: Deflection at factored reference load | E47: 208.25 | F47: 5.58 | G47: mm | H47: Measured | I47: Punching shear | J47: Tables 1–3 (PDF pp. 4, 5, 9) | K47: https://doi.org/10.1061/(ASCE)BE.1943-5592.0000892
A48: O0042 | B48: R044-S6-B | C48: R044 | D48: Deflection at ultimate load | E48: 575.8 | F48: 24.86 | G48: mm | H48: Measured | I48: Punching shear | J48: Tables 1–3 (PDF pp. 4, 5, 9) | K48: https://doi.org/10.1061/(ASCE)BE.1943-5592.0000892
A49: O0043 | B49: R044-S6-B | C49: R044 | D49: Maximum crack width at service load | E49: 110.25 | F49: 0.35 | G49: mm | H49: Measured | I49: Punching shear | J49: Tables 1–3 (PDF pp. 4, 5, 9) | K49: https://doi.org/10.1061/(ASCE)BE.1943-5592.0000892
A50: O0044 | B50: R044-S6-B | C50: R044 | D50: Maximum crack width at factored reference load | E50: 208.25 | F50: 0.52 | G50: mm | H50: Measured | I50: Punching shear | J50: Tables 1–3 (PDF pp. 4, 5, 9) | K50: https://doi.org/10.1061/(ASCE)BE.1943-5592.0000892
A51: O0045 | B51: R044-S7-B | C51: R044 | D51: First cracking load | F51: 121 | G51: kN | H51: Measured | I51: Punching shear | J51: Tables 1–3 (PDF pp. 4, 5, 9) | K51: https://doi.org/10.1061/(ASCE)BE.1943-5592.0000892
A52: O0046 | B52: R044-S7-B | C52: R044 | D52: Ultimate applied load | F52: 436.4 | G52: kN | H52: Measured | I52: Punching shear | J52: Tables 1–3 (PDF pp. 4, 5, 9) | K52: https://doi.org/10.1061/(ASCE)BE.1943-5592.0000892
A53: O0047 | B53: R044-S7-B | C53: R044 | D53: Deflection at service load | E53: 110.25 | F53: 1.93 | G53: mm | H53: Measured | I53: Punching shear | J53: Tables 1–3 (PDF pp. 4, 5, 9) | K53: https://doi.org/10.1061/(ASCE)BE.1943-5592.0000892
A54: O0048 | B54: R044-S7-B | C54: R044 | D54: Deflection at factored reference load | E54: 208.25 | F54: 11.56 | G54: mm | H54: Measured | I54: Punching shear | J54: Tables 1–3 (PDF pp. 4, 5, 9) | K54: https://doi.org/10.1061/(ASCE)BE.1943-5592.0000892
A55: O0049 | B55: R044-S7-B | C55: R044 | D55: Deflection at ultimate load | E55: 436.4 | F55: 35.49 | G55: mm | H55: Measured | I55: Punching shear | J55: Tables 1–3 (PDF pp. 4, 5, 9) | K55: https://doi.org/10.1061/(ASCE)BE.1943-5592.0000892
A56: O0050 | B56: R044-S7-B | C56: R044 | D56: Maximum crack width at factored reference load | E56: 208.25 | F56: 0.93 | G56: mm | H56: Measured | I56: Punching shear | J56: Tables 1–3 (PDF pp. 4, 5, 9) | K56: https://doi.org/10.1061/(ASCE)BE.1943-5592.0000892
A57: O0051 | B57: R044-S7-B | C57: R044 | D57: Maximum crack width at ultimate load | E57: 436.4 | F57: 5.81 | G57: mm | H57: Measured | I57: Punching shear | J57: Tables 1–3 (PDF pp. 4, 5, 9) | K57: https://doi.org/10.1061/(ASCE)BE.1943-5592.0000892
A58: O0052 | B58: R025-G-200-N | C58: R025 | D58: First cracking load | F58: 115 | G58: kN | H58: Measured | I58: Punching shear | J58: Tables 1–3; journal pp. 3957–3959 | K58: https://doi.org/10.1016/j.conbuildmat.2011.04.028
A59: O0053 | B59: R025-G-200-N | C59: R025 | D59: Ultimate applied load | F59: 732 | G59: kN | H59: Measured | I59: Punching shear | J59: Tables 1–3; journal pp. 3957–3959 | K59: https://doi.org/10.1016/j.conbuildmat.2011.04.028
A60: O0054 | B60: R025-G-200-N | C60: R025 | D60: Deflection at service load | E60: 110.25 | F60: 0.45 | G60: mm | H60: Measured | I60: Punching shear | J60: Tables 1–3; journal pp. 3957–3959 | K60: https://doi.org/10.1016/j.conbuildmat.2011.04.028
A61: O0055 | B61: R025-G-200-N | C61: R025 | D61: Deflection at ultimate load | E61: 732 | F61: 22.9 | G61: mm | H61: Measured | I61: Punching shear | J61: Tables 1–3; journal pp. 3957–3959 | K61: https://doi.org/10.1016/j.conbuildmat.2011.04.028
A62: O0056 | B62: R025-G-175-N | C62: R025 | D62: First cracking load | F62: 113 | G62: kN | H62: Measured | I62: Punching shear | J62: Tables 1–3; journal pp. 3957–3959 | K62: https://doi.org/10.1016/j.conbuildmat.2011.04.028
A63: O0057 | B63: R025-G-175-N | C63: R025 | D63: Ultimate applied load | F63: 484 | G63: kN | H63: Measured | I63: Punching shear | J63: Tables 1–3; journal pp. 3957–3959 | K63: https://doi.org/10.1016/j.conbuildmat.2011.04.028
A64: O0058 | B64: R025-G-175-N | C64: R025 | D64: Deflection at service load | E64: 110.25 | F64: 0.72 | G64: mm | H64: Measured | I64: Punching shear | J64: Tables 1–3; journal pp. 3957–3959 | K64: https://doi.org/10.1016/j.conbuildmat.2011.04.028
A65: O0059 | B65: R025-G-175-N | C65: R025 | D65: Deflection at ultimate load | E65: 484 | F65: 17.9 | G65: mm | H65: Measured | I65: Punching shear | J65: Tables 1–3; journal pp. 3957–3959 | K65: https://doi.org/10.1016/j.conbuildmat.2011.04.028
A66: O0060 | B66: R025-G-150-N | C66: R025 | D66: First cracking load | F66: 107 | G66: kN | H66: Measured | I66: Punching shear | J66: Tables 1–3; journal pp. 3957–3959 | K66: https://doi.org/10.1016/j.conbuildmat.2011.04.028
A67: O0061 | B67: R025-G-150-N | C67: R025 | D67: Ultimate applied load | F67: 362 | G67: kN | H67: Measured | I67: Punching shear | J67: Tables 1–3; journal pp. 3957–3959 | K67: https://doi.org/10.1016/j.conbuildmat.2011.04.028
A68: O0062 | B68: R025-G-150-N | C68: R025 | D68: Deflection at service load | E68: 110.25 | F68: 1.49 | G68: mm | H68: Measured | I68: Punching shear | J68: Tables 1–3; journal pp. 3957–3959 | K68: https://doi.org/10.1016/j.conbuildmat.2011.04.028
A69: O0063 | B69: R025-G-150-N | C69: R025 | D69: Deflection at ultimate load | E69: 362 | F69: 17.1 | G69: mm | H69: Measured | I69: Punching shear | J69: Tables 1–3; journal pp. 3957–3959 | K69: https://doi.org/10.1016/j.conbuildmat.2011.04.028
A70: O0064 | B70: R025-G-175-H | C70: R025 | D70: First cracking load | F70: 130 | G70: kN | H70: Measured | I70: Punching shear | J70: Tables 1–3; journal pp. 3957–3959 | K70: https://doi.org/10.1016/j.conbuildmat.2011.04.028
A71: O0065 | B71: R025-G-175-H | C71: R025 | D71: Ultimate applied load | F71: 704 | G71: kN | H71: Measured | I71: Punching shear | J71: Tables 1–3; journal pp. 3957–3959 | K71: https://doi.org/10.1016/j.conbuildmat.2011.04.028
A72: O0066 | B72: R025-G-175-H | C72: R025 | D72: Deflection at service load | E72: 110.25 | F72: 0.45 | G72: mm | H72: Measured | I72: Punching shear | J72: Tables 1–3; journal pp. 3957–3959 | K72: https://doi.org/10.1016/j.conbuildmat.2011.04.028
A73: O0067 | B73: R025-G-175-H | C73: R025 | D73: Deflection at ultimate load | E73: 704 | F73: 21.7 | G73: mm | H73: Measured | I73: Punching shear | J73: Tables 1–3; journal pp. 3957–3959 | K73: https://doi.org/10.1016/j.conbuildmat.2011.04.028
A74: O0068 | B74: R025-G-175-N-0.7 | C74: R025 | D74: First cracking load | F74: 118 | G74: kN | H74: Measured | I74: Punching shear | J74: Tables 1–3; journal pp. 3957–3959 | K74: https://doi.org/10.1016/j.conbuildmat.2011.04.028
A75: O0069 | B75: R025-G-175-N-0.7 | C75: R025 | D75: Ultimate applied load | F75: 549 | G75: kN | H75: Measured | I75: Punching shear | J75: Tables 1–3; journal pp. 3957–3959 | K75: https://doi.org/10.1016/j.conbuildmat.2011.04.028
A76: O0070 | B76: R025-G-175-N-0.7 | C76: R025 | D76: Deflection at service load | E76: 110.25 | F76: 0.48 | G76: mm | H76: Measured | I76: Punching shear | J76: Tables 1–3; journal pp. 3957–3959 | K76: https://doi.org/10.1016/j.conbuildmat.2011.04.028
A77: O0071 | B77: R025-G-175-N-0.7 | C77: R025 | D77: Deflection at ultimate load | E77: 549 | F77: 20.4 | G77: mm | H77: Measured | I77: Punching shear | J77: Tables 1–3; journal pp. 3957–3959 | K77: https://doi.org/10.1016/j.conbuildmat.2011.04.028
A78: O0072 | B78: R025-G-175-N-0.35 | C78: R025 | D78: First cracking load | F78: 98 | G78: kN | H78: Measured | I78: Punching shear | J78: Tables 1–3; journal pp. 3957–3959 | K78: https://doi.org/10.1016/j.conbuildmat.2011.04.028
A79: O0073 | B79: R025-G-175-N-0.35 | C79: R025 | D79: Ultimate applied load | F79: 506 | G79: kN | H79: Measured | I79: Punching shear | J79: Tables 1–3; journal pp. 3957–3959 | K79: https://doi.org/10.1016/j.conbuildmat.2011.04.028
A80: O0074 | B80: R025-G-175-N-0.35 | C80: R025 | D80: Deflection at service load | E80: 110.25 | F80: 1.04 | G80: mm | H80: Measured | I80: Punching shear | J80: Tables 1–3; journal pp. 3957–3959 | K80: https://doi.org/10.1016/j.conbuildmat.2011.04.028
A81: O0075 | B81: R025-G-175-N-0.35 | C81: R025 | D81: Deflection at ultimate load | E81: 506 | F81: 26.4 | G81: mm | H81: Measured | I81: Punching shear | J81: Tables 1–3; journal pp. 3957–3959 | K81: https://doi.org/10.1016/j.conbuildmat.2011.04.028
A82: O0076 | B82: R025-S-175-N | C82: R025 | D82: First cracking load | F82: 121 | G82: kN | H82: Measured | I82: Punching shear | J82: Tables 1–3; journal pp. 3957–3959 | K82: https://doi.org/10.1016/j.conbuildmat.2011.04.028
A83: O0077 | B83: R025-S-175-N | C83: R025 | D83: Ultimate applied load | F83: 550 | G83: kN | H83: Measured | I83: Punching shear | J83: Tables 1–3; journal pp. 3957–3959 | K83: https://doi.org/10.1016/j.conbuildmat.2011.04.028
A84: O0078 | B84: R025-S-175-N | C84: R025 | D84: Deflection at service load | E84: 110.25 | F84: 0.52 | G84: mm | H84: Measured | I84: Punching shear | J84: Tables 1–3; journal pp. 3957–3959 | K84: https://doi.org/10.1016/j.conbuildmat.2011.04.028
A85: O0079 | B85: R025-S-175-N | C85: R025 | D85: Deflection at ultimate load | E85: 550 | F85: 23.8 | G85: mm | H85: Measured | I85: Punching shear | J85: Tables 1–3; journal pp. 3957–3959 | K85: https://doi.org/10.1016/j.conbuildmat.2011.04.028
A86: O0080 | B86: R025-C-175-N | C86: R025 | D86: First cracking load | F86: 103 | G86: kN | H86: Measured | I86: Punching shear | J86: Tables 1–3; journal pp. 3957–3959 | K86: https://doi.org/10.1016/j.conbuildmat.2011.04.028
A87: O0081 | B87: R025-C-175-N | C87: R025 | D87: Ultimate applied load | F87: 530 | G87: kN | H87: Measured | I87: Punching shear | J87: Tables 1–3; journal pp. 3957–3959 | K87: https://doi.org/10.1016/j.conbuildmat.2011.04.028
A88: O0082 | B88: R025-C-175-N | C88: R025 | D88: Deflection at service load | E88: 110.25 | F88: 0.78 | G88: mm | H88: Measured | I88: Punching shear | J88: Tables 1–3; journal pp. 3957–3959 | K88: https://doi.org/10.1016/j.conbuildmat.2011.04.028
A89: O0083 | B89: R025-C-175-N | C89: R025 | D89: Deflection at ultimate load | E89: 530 | F89: 16.7 | G89: mm | H89: Measured | I89: Punching shear | J89: Tables 1–3; journal pp. 3957–3959 | K89: https://doi.org/10.1016/j.conbuildmat.2011.04.028
A90: O0084 | B90: R002-GA-56 | C90: R002 | D90: First cracking load | F90: 22 | G90: kN | H90: Measured | I90: Diagonal tension | J90: Table3-3 p70, Table4-1 p83, Table5-4 p133 | K90: https://www.researchgate.net/publication/260165629_BEHAVIOUR_OF_SHEAR_CRITICAL_FRP_REINFORCED_CONCRETE_ONE-WAY_SLABS
A91: O0085 | B91: R002-GA-56 | C91: R002 | D91: Ultimate applied load | F91: 188 | G91: kN | H91: Measured | I91: Diagonal tension | J91: Table3-3 p70, Table4-1 p83, Table5-4 p133 | K91: https://www.researchgate.net/publication/260165629_BEHAVIOUR_OF_SHEAR_CRITICAL_FRP_REINFORCED_CONCRETE_ONE-WAY_SLABS
A92: O0086 | B92: R002-GA-56 | C92: R002 | D92: Ultimate shear force | F92: 94 | G92: kN | H92: Measured | I92: Shear force; do not equate to total applied load without load diagram. Diagonal tension | J92: Table3-3 p70, Table4-1 p83, Table5-4 p133 | K92: https://www.researchgate.net/publication/260165629_BEHAVIOUR_OF_SHEAR_CRITICAL_FRP_REINFORCED_CONCRETE_ONE-WAY_SLABS
A93: O0087 | B93: R002-GV-46 | C93: R002 | D93: First cracking load | F93: 29 | G93: kN | H93: Measured | I93: Shear compression with FRP shearing-off | J93: Table3-3 p70, Table4-1 p83, Table5-4 p133 | K93: https://www.researchgate.net/publication/260165629_BEHAVIOUR_OF_SHEAR_CRITICAL_FRP_REINFORCED_CONCRETE_ONE-WAY_SLABS
A94: O0088 | B94: R002-GV-46 | C94: R002 | D94: Ultimate applied load | F94: 211 | G94: kN | H94: Measured | I94: Shear compression with FRP shearing-off | J94: Table3-3 p70, Table4-1 p83, Table5-4 p133 | K94: https://www.researchgate.net/publication/260165629_BEHAVIOUR_OF_SHEAR_CRITICAL_FRP_REINFORCED_CONCRETE_ONE-WAY_SLABS
A95: O0089 | B95: R002-GV-46 | C95: R002 | D95: Ultimate shear force | F95: 106 | G95: kN | H95: Measured | I95: Shear force; do not equate to total applied load without load diagram. Shear compression with FRP shearing-off | J95: Table3-3 p70, Table4-1 p83, Table5-4 p133 | K95: https://www.researchgate.net/publication/260165629_BEHAVIOUR_OF_SHEAR_CRITICAL_FRP_REINFORCED_CONCRETE_ONE-WAY_SLABS
A96: O0090 | B96: R002-GV-58 | C96: R002 | D96: First cracking load | F96: 50 | G96: kN | H96: Measured | I96: Diagonal tension with FRP shearing-off | J96: Table3-3 p70, Table4-1 p83, Table5-4 p133 | K96: https://www.researchgate.net/publication/260165629_BEHAVIOUR_OF_SHEAR_CRITICAL_FRP_REINFORCED_CONCRETE_ONE-WAY_SLABS
A97: O0091 | B97: R002-GV-58 | C97: R002 | D97: Ultimate applied load | F97: 242 | G97: kN | H97: Measured | I97: Diagonal tension with FRP shearing-off | J97: Table3-3 p70, Table4-1 p83, Table5-4 p133 | K97: https://www.researchgate.net/publication/260165629_BEHAVIOUR_OF_SHEAR_CRITICAL_FRP_REINFORCED_CONCRETE_ONE-WAY_SLABS
A98: O0092 | B98: R002-GV-58 | C98: R002 | D98: Ultimate shear force | F98: 121 | G98: kN | H98: Measured | I98: Shear force; do not equate to total applied load without load diagram. Diagonal tension with FRP shearing-off | J98: Table3-3 p70, Table4-1 p83, Table5-4 p133 | K98: https://www.researchgate.net/publication/260165629_BEHAVIOUR_OF_SHEAR_CRITICAL_FRP_REINFORCED_CONCRETE_ONE-WAY_SLABS
A99: O0093 | B99: R002-GH-56 | C99: R002 | D99: First cracking load | F99: 21 | G99: kN | H99: Measured | I99: Diagonal tension | J99: Table3-3 p70, Table4-1 p83, Table5-4 p133 | K99: https://www.researchgate.net/publication/260165629_BEHAVIOUR_OF_SHEAR_CRITICAL_FRP_REINFORCED_CONCRETE_ONE-WAY_SLABS
A100: O0094 | B100: R002-GH-56 | C100: R002 | D100: Ultimate applied load | F100: 309 | G100: kN | H100: Measured | I100: Diagonal tension | J100: Table3-3 p70, Table4-1 p83, Table5-4 p133 | K100: https://www.researchgate.net/publication/260165629_BEHAVIOUR_OF_SHEAR_CRITICAL_FRP_REINFORCED_CONCRETE_ONE-WAY_SLABS
A101: O0095 | B101: R002-GH-56 | C101: R002 | D101: Ultimate shear force | F101: 155 | G101: kN | H101: Measured | I101: Shear force; do not equate to total applied load without load diagram. Diagonal tension | J101: Table3-3 p70, Table4-1 p83, Table5-4 p133 | K101: https://www.researchgate.net/publication/260165629_BEHAVIOUR_OF_SHEAR_CRITICAL_FRP_REINFORCED_CONCRETE_ONE-WAY_SLABS
... A144: O0138 | B144: R060-S-150-T | C144: R060 | D144: Steel yield load | F144: 109.6 | G144: kN | H144: Measured | I144: Yield load is distinct from ultimate capacity. Yielding then concrete crushing | J144: Tables1–2 p355; Tables3–4 p358 | K144: https://www.academia.edu/68347252/Flexural_Behavior_of_One_Way_Concrete_Slabs_Reinforced_by_Fiber_Reinforced_Plastic_Reinforcements
A145: O0139 | B145: R060-S-150-T | C145: R060 | D145: Deflection at steel yield | E145: 109.6 | F145: 29 | G145: mm | H145: Measured | I145: Yielding then concrete crushing | J145: Tables1–2 p355; Tables3–4 p358 | K145: https://www.academia.edu/68347252/Flexural_Behavior_of_One_Way_Concrete_Slabs_Reinforced_by_Fiber_Reinforced_Plastic_Reinforcements
...

Sheet Model Audit
A2: Model-comparison provenance and allowable interpretation
A3: Figures and model rankings require specimen membership, response definitions and calibration-versus-validation separation.
A6: Audit ID | B6: Manuscript location | C6: Response | D6: Reference IDs | E6: Evidence population | F6: Evidence status | G6: What is recoverable | H6: Interpretation boundary | I6: Required reconciliation
A7: MA01 | B7: Sections 3.2 / Figs. 4–6 | C7: Deflection and crack width | D7: R077; R080 | E7: Zheng et al. 2019 (BFRP); Zhou et al. online 2020 / issue 2021 (GFRP) | F7: Within-team illustrative comparisons | G7: Source programs identified from earlier author manuscript; exact plotted specimen IDs, source figures and response matrix unresolved | H7: No pooled model ranking; repeated load points are correlated. Two programs from overlapping authors do not establish multi-laboratory validation. | I7: Original version describes HVFA-SCC; current captions say NC. Recover original plotting files to resolve matrix and IDs.
A8: MA02 | B8: Section 3.3 / Figs. 7–9 | C8: One-way shear | D8: R002; R003; R004; R043; R012 and cited sources | E8: Legacy manuscript claims 84 units (45+28+11) | F8: Original graph database not recovered | G8: No original source-to-point crosswalk or model input workbook supplied. Newly extracted slab rows are NOT represented as recovery of those 84 points. | H8: Parameter trends may be discussed with limits; pooled bias/COV/unsafe fraction cannot be reproduced for the legacy figures. | I8: Match every old graph point to unique specimen, source, V versus total load, depth, a/d, failure mode and model version.
A9: MA03 | B9: Section 3.4 / Model Benchmark | C9: Punching resistance | D9: R044 | E9: Six BFRP specimens: five edge restrained and one unrestrained | F9: Published ratio audit | G9: Table 3 reports measured/predicted ratios for CSA S806-12 and ACI440.1R-06. Ratios are rounded; independent model-input reconstruction not performed. | H9: Describe this one external laboratory benchmark and stratify restraint. Do not treat it as full cross-study validation or modern-code ranking. | I9: Preserve steel control separately; exclude historical G-S2/C-S2 comparator rows from the Elgabbas2016 experiment count.
A10: MA04 | B10: Section 4 | C10: Fatigue | D10: R015; R027; R036; R037; R039; R048; R055 | E10: Publication/program-level cyclic evidence | F10: No unified fatigue regression | G10: Stationary, moving-wheel and variable-amplitude loading are distinct. Companion reports may reuse tests. | H10: Record load ratio, frequency, cycle history, runouts and failure mechanism; a pooled S–N or Miner-law fit is not established. | I10: Recover original fatigue specimen IDs and censoring; do not convert a survived runout into a failure life.
A11: MA05 | B11: Section 5 / Thompson Bridge response table | C11: Field proof loading | D11: R074 | E11: Six tested panels in one bridge: four BFRP, two steel | F11: Right-censored strength | G11: All panels sustained 400 kN without ultimate failure. Source cube strength and measured deflection/strain retained. | H11: Validate service responses only. 400 kN is a lower bound, and 838–843 kN model predictions are not measured strengths. | I11: Calculated crack width 0.43 mm is not entered as a directly measured crack width.
A12: MA06 | B12: Environmental discussion | C12: Deterioration / reliability | D12: R011; R050; R079 | E12: Numerical/reliability studies | F12: Secondary model evidence | G12: Sulfate/ASR and static finite-element results do not constitute new coupled environmental-fatigue deck tests. | H12: Mechanistic or simulation support only; no additional test specimens counted. | I12: Keep environmental exposure, service history, calibration data and external validation distinct.

Sheet Reference Audit
A2: Complete audit of the 80 supplied bibliography records
A3: Bibliography entries are classified by evidence role. A reference count is not a search-hit or independent-study count.
A6: Reference ID | B6: Citation key | C6: Classification | D6: Topics | E6: Original bibliography entry | F6: Corrected citation, when verified | G6: Scope and overlap note | H6: Classification basis | I6: Verified source URL | J6: Original row IDs (including candidates) | K6: Use in database
A7: R001 | B7: Abandah2022 | C7: secondary_numerical_model | D7: Punching / CMA | E7: Abandah, M. R., & Issa, M. A. (2022). Influence of reinforcement parameters on punching shear capacity of laterally restrained FRP-reinforced concrete bridge deck slabs. Structures, 41, 434–446. | G7: Numerical parameter study; empirical model fitted using three previous experimental programs. No new tested specimens established. | H7: Manuscript title/content and bibliographic audit; specific factual details independently checked where source_url supplied. | I7: https://www.sciencedirect.com/science/article/pii/S2352012422003368 | J7: 35 | K7: Context only; not a new slab-test population
A8: R002 | B8: AbdulSalam2014 | C8: slab_experimental_report | D8: One-way shear | E8: Abdul-Salam, B. (2014). Behaviour of Shear-Critical FRP-Reinforced Concrete One-Way Slabs (Doctoral dissertation). Université de Sherbrooke, Sherbrooke, Canada. | G8: Doctoral thesis; experimental source. Potential overlap with Abdul-Salam et al. 2013 and 2016; thesis/journal counts must not be summed. | H8: Manuscript title/content and bibliographic audit; specific factual details independently checked where source_url supplied. | I8: https://www.researchgate.net/publication/260165629_BEHAVIOUR_OF_SHEAR_CRITICAL_FRP_REINFORCED_CONCRETE_ONE-WAY_SLABS | J8: 58 | K8: Included in Study Register
A9: R003 | B9: AbdulSalam2016 | C9: slab_experimental_report | D9: One-way shear | E9: Abdul-Salam, B., Farghaly, A.S., & Benmokrane, B. (2016). Mechanisms of shear resistance of one-way concrete slabs reinforced with FRP bars. Construction & Building Materials, 127(30), 959-970. | G9: One-way slab experiments and mechanisms; potential thesis/conference overlap. | H9: Manuscript title/content and bibliographic audit; specific factual details independently checked where source_url supplied. | I9: https://www.sciencedirect.com/science/article/pii/S0950061816316191 | J9: 56 | K9: Included in Study Register
A10: R004 | B10: AbdulSalam2013 | C10: slab_experimental_report | D10: One-way shear | E10: Abdul-Salam, B., Farghaly, A.S., Benmokrane, B. (2013). Evaluation of Shear Behavior for One-Way Concrete Slabs Reinforced with Carbon-FRP Bars. CSCE 2013 General Conference. | G10: CFRP one-way slab conference report; likely subset of 2014 thesis/2016 article. Specimen crosswalk required. | H10: Manuscript title/content and bibliographic audit; specific factual details independently checked where source_url supplied. | K10: Included in Study Register
A11: R005 | B11: ACI3182005 | C11: code_guidance | D11: Deflection / baseline | E11: ACI Committee 318. (2005). Building Code Requirements for Structural Concrete and Commentary (ACI 318M-05). Farmington Hills, MI: American Concrete Institute. | G11: Conventional steel-RC code; not experimental observations. | H11: Manuscript title/content and bibliographic audit; specific factual details independently checked where source_url supplied. | K11: Context only; not a new slab-test population
A12: R006 | B12: ACI4402003 | C12: code_guidance | D12: Deflection / cracking / shear | E12: ACI Committee 440. (2003). Guide for the Design and Construction of Concrete Reinforced with FRP Bars (ACI 440.1R-03). Farmington Hills, MI: American Concrete Institute. | G12: Historical FRP design guide; no original specimen population. | H12: Manuscript title/content and bibliographic audit; specific factual details independently checked where source_url supplied. | K12: Context only; not a new slab-test population
A13: R007 | B13: ACI4402006 | C13: code_guidance | D13: Deflection / cracking / shear | E13: ACI Committee 440. (2006). Guide for the Design and Construction of Concrete Reinforced with FRP Bars (ACI 440.1R-06). Farmington Hills, MI: American Concrete Institute. | G13: Historical FRP design guide; no original specimen population. | H13: Manuscript title/content and bibliographic audit; specific factual details independently checked where source_url supplied. | K13: Context only; not a new slab-test population
A14: R008 | B14: ACI4402015 | C14: code_guidance | D14: Design scope | E14: ACI Committee 440. (2015). Guide for the Design and Construction of Structural Concrete Reinforced with Fiber-Reinforced Polymer Bars (ACI 440.1R-15). Farmington Hills, MI: American Concrete Institute. | G14: Historical FRP design guide; no original specimen population. | H14: Manuscript title/content and bibliographic audit; specific factual details independently checked where source_url supplied. | K14: Context only; not a new slab-test population
A15: R009 | B15: ACI4402022 | C15: code_guidance | D15: Design scope | E15: ACI Committee 440. (2022). Building Code Requirements for Structural Concrete Reinforced with Glass Fiber-Reinforced Polymer (GFRP) Bars—Code and Commentary (ACI CODE-440.11-22). Farmington Hills, MI: American Concrete Institute. | G15: GFRP code; material and structural scope must remain explicit. | H15: Manuscript title/content and bibliographic audit; specific factual details independently checked where source_url supplied. | K15: Context only; not a new slab-test population
A16: R010 | B16: Aflakisamani2023 | C16: slab_experimental_report | D16: Serviceability / punching | E16: Aflakisamani, M., Mousa, S., Mohamed, H. M., Ahmed, E. A., & Benmokrane, B. (2023). Structural behavior of bridge deck slabs made with GFRP-reinforced lightweight self-consolidating concrete. Journal of Bridge Engineering, 28(3), 04023001. | G16: Full-scale GFRP lightweight SCC bridge-deck laboratory experiments; 2022 conference report in legacy workbook may duplicate. | H16: Manuscript title/content and bibliographic audit; specific factual details independently checked where source_url supplied. | I16: https://ascelibrary.org/doi/10.1061/JBENF2.BEENG-5722 | J16: 24, 36 | K16: Included in Study Register
A17: R011 | B17: AlRousan2022 | C17: secondary_numerical_model | D17: Environmental deterioration | E17: Al-Rousan, R. Z. (2022). Impact of sulfate damage on the behavior of full-scale concrete bridge deck slabs reinforced with FRP bars. Case Studies in Construction Materials, 16, e01030. | G17: Numerical investigation of sulfate damage using pre-existing deck test validation; not a new coupled exposure experiment. | H17: Manuscript title/content and bibliographic audit; specific factual details independently checked where source_url supplied. | J17: 33 | K17: Context only; not a new slab-test population
A18: R012 | B18: AlSunna2012 | C18: slab_experimental_report | D18: Deflection | E18: Al-Sunna, R., Pilakoutas, K., Hajirasouliha, I., & Guadagnini, M. (2012). Deflection behaviour of FRP-reinforced concrete beams and slabs: An experimental investigation. Composites Part B: Engineering, 43(5), 2125–2134. | G18: Full text confirms 28 members: 14 beams and 14 one-way slabs (12 FRP and 2 steel controls). Table5 deflection ratios are six FRP series, each with a/b replicates; potential overlap with Alsunna2006. | H18: Manuscript title/content and bibliographic audit; specific factual details independently checked where source_url supplied. | I18: https://eprints.whiterose.ac.uk/id/eprint/85515/1/Deflection%20behaviour%20of%20FRP%20reinforced%20concrete%20beams%20and%20slabs-%20An%20experimental%20investigation.pdf | K18: Included in Study Register
A19: R013 | B19: AlamHussein2013a | C19: beam_background | D19: One-way shear / size effect | E19: Alam, M. S., & Hussein, A. (2013a). Size Effect on Shear Strength of FRP Reinforced Concrete Beams without Stirrups. Journal of Composites for Construction, 17(4), 507-516. https://doi.org/10.1061/(ASCE)CC.1943-5614.0000346. | G19: Beam size-effect experiments; not a bridge-deck/slab specimen population. | H19: Manuscript title/content and bibliographic audit; specific factual details independently checked where source_url supplied. | K19: Context only; not a new slab-test population
A20: R014 | B20: AlamHussein2013b | C20: beam_background | D20: One-way shear model | E20: Alam, M.S., Hussein, A. (2013b). Unified Shear Design Equation for FRP Reinforced Concrete Members without Stirrups. Journal of Composites for Construction, 2013, 17(5):575-583. | G20: Unified shear equation / supporting FRP member database; slab-specific transfer requires validation. | H20: Manuscript title/content and bibliographic audit; specific factual details independently checked where source_url supplied. | K20: Context only; not a new slab-test population
A21: R015 | B21: Ali2024 | C21: slab_experimental_report | D21: Static / fatigue | E21: Ali, Y. M. S., Wang, X., Guo, H., Liu, S., Li, D., Wu, Z., & Moussa, A. M. A. (2024). Static and fatigue behavior of concrete bridge deck slabs reinforced with BFRP and steel bars. Structures, 65, 106707. | G21: BFRP, steel and hybrid bridge-deck slab experiments; possible overlap with Ali 2023 static report in legacy workbook. | H21: Manuscript title/content and bibliographic audit; specific factual details independently checked where source_url supplied. | I21: https://www.sciencedirect.com/science/article/abs/pii/S2352012424008592 | J21: 1 | K21: Included in Study Register
A22: R016 | B22: Allam2012 | C22: beam_background | D22: Crack width | E22: Allam, S.M., Shoukry, M.S., Rashad, G.E., Hassan, A.S. (2012). Crack width evaluation for flexural RC members. Alexandria Engineering Journal, 51(3), 211-220. | G22: Conventional flexural RC crack-width background; no direct FRP deck experiments established. | H22: Manuscript title/content and bibliographic audit; specific factual details independently checked where source_url supplied. | K22: Context only; not a new slab-test population
A23: R017 | B23: Alsayed2000 | C23: beam_background | D23: Deflection | E23: Alsayed, S.H., Al-Salloum, Y.A., & Almusallam, T.H. (2000). Performance of glass fiber reinforced plastic bars as a reinforcing material for concrete structures. Composites Part B, 31, 555-567. | G23: GFRP concrete structural member / beam background; no direct bridge-deck population established. | H23: Manuscript title/content and bibliographic audit; specific factual details independently checked where source_url supplied. | K23: Context only; not a new slab-test population
A24: R018 | B24: Alsunna2006 | C24: slab_experimental_report | D24: Deflection | E24: Alsunna, R. (2006). Deflection behaviour of FRP reinforced concrete flexural members. University of Sheffield. | G24: Thesis involving FRP flexural members; possible overlap with Al-Sunna 2012 mixed beam/slab article. | H24: Manuscript title/content and bibliographic audit; specific factual details independently checked where source_url supplied. | K24: Included in Study Register
A25: R019 | B25: AASHTO2018 | C25: code_guidance | D25: Bridge design | E25: American Association of State Highway and Transportation Officials. (2018). LRFD Bridge Design Guide Specifications for GFRP-Reinforced Concrete (2nd ed.). Washington, DC: AASHTO. | G25: Bridge design guide, not test evidence. | H25: Manuscript title/content and bibliographic audit; specific factual details independently checked where source_url supplied. | K25: Context only; not a new slab-test population
A26: R020 | B26: Barris2012 | C26: beam_background | D26: Serviceability | E26: Barris, C., Torres, L., Baena, M., Pilakoutas, K., & Guadagnini, M. (2012). Serviceability limit state of FRP RC beams. Advances in Structural Engineering, 15(4), 653-664. | G26: FRP RC beams; cannot count as direct slab evidence. | H26: Manuscript title/content and bibliographic audit; specific factual details independently checked where source_url supplied. | K26: Context only; not a new slab-test population
A27: R021 | B27: Benmokrane1996 | C27: beam_background | D27: Deflection | E27: Benmokrane, B., Chaallal, O., & Masmoudi, R. (1996). Flexural response of concrete beams reinforced with FRP reinforcing bars. ACI Structural Journal, 93(1), 46-55. | G27: FRP concrete beams, not deck slabs. | H27: Manuscript title/content and bibliographic audit; specific factual details independently checked where source_url supplied. | K27: Context only; not a new slab-test population
A28: R022 | B28: Benmokrane2006 | C28: field_report | D28: Field / serviceability | E28: Benmokrane, B., El-Salakawy, E., El-Ragaby, A., & Lackey, T. (2006). Designing and Testing of Concrete Bridge Decks Reinforced with Glass FRP Bars. Journal of Bridge Engineering, 11(2), 217-229. https://doi.org/10.1061/(ASCE)1084-0702(2006)11:2(217). | G28: Morristown Bridge field design and proof testing; failure strength not directly observed. | H28: Manuscript title/content and bibliographic audit; specific factual details independently checked where source_url supplied. | I28: https://ascelibrary.org/doi/10.1061/%28ASCE%291084-0702%282006%2911%3A2%28217%29 | J28: 16 | K28: Included in Study Register
A29: R023 | B29: Berg2006 | C29: field_report | D29: Field / construction / cost | E29: Berg, A. C., Bank, L. C., Oliva, M. G., & Russell, J. S. (2006). Construction and cost analysis of an FRP-reinforced concrete bridge deck. Construction and Building Materials, 20(8), 515–526. | G29: Wisconsin bridge construction and cost report; distinguish bar-reinforced deck from formwork system and cost assumptions. | H29: Manuscript title/content and bibliographic audit; specific factual details independently checked where source_url supplied. | I29: https://www.sciencedirect.com/science/article/pii/S0950061805001145 | J29: 15 | K29: Included in Study Register
A30: R024 | B30: Bischoff2005 | C30: beam_background | D30: Deflection | E30: Bischoff, P.H. (2005). Reevaluation of deflection prediction for concrete beams reinforced with steel and fiber reinforced polymer bars. Journal of Structural Engineering, 131(5), 752-767. | G30: Mechanics/model background for beams; not new bridge-deck dataset. | H30: Manuscript title/content and bibliographic audit; specific factual details independently checked where source_url supplied. | K30: Context only; not a new slab-test population
A31: R025 | B31: Bouguerra2011 | C31: slab_experimental_report | D31: Punching / CMA | E31: Bouguerra, K., Ahmed, E. A., El-Gamal, S., & Benmokrane, B. (2011). Testing of full-scale concrete bridge deck slabs reinforced with fiber-reinforced polymer (FRP) bars. Construction and Building Materials, 25(10), 3956–3965. | G31: Full-scale FRP bridge-deck tests; compare specimen IDs against El-Gamal program before pooling. | H31: Manuscript title/content and bibliographic audit; specific factual details independently checked where source_url supplied. | I31: https://doi.org/10.1016/j.conbuildmat.2011.04.028 | J31: 46 | K31: Included in Study Register
A32: R026 | B32: Cadenazzi2020 | C32: secondary_numerical_model | D32: Life-cycle cost / environment | E32: Cadenazzi, T., Dotelli, G., Rossini, M., Nolan, S., & Nanni, A. (2020). Cost and environmental analyses of reinforcement alternatives for a concrete bridge. Structure and Infrastructure Engineering, 16(4), 787–802. | G32: Economic and environmental analysis; not independent structural tests. | H32: Manuscript title/content and bibliographic audit; specific factual details independently checked where source_url supplied. | K32: Context only; not a new slab-test population
A33: R027 | B33: Carvelli2010 | C33: slab_experimental_report | D33: Fatigue / moving load | E33: Carvelli, V., Pisani, M. A., & Poggi, C. (2010). Fatigue behaviour of concrete bridge deck slabs reinforced with GFRP bars. Composites Part B: Engineering, 41(7), 560–567. | G33: GFRP concrete deck slab fatigue experiments; inspect relation to 2006/other moving-load reports. | H33: Manuscript title/content and bibliographic audit; specific factual details independently checked where source_url supplied. | I33: https://www.sciencedirect.com/science/article/pii/S1359836810000910 | J33: 4 | K33: Included in Study Register
A34: R028 | B34: CEBFIP2007 | C34: code_guidance | D34: FRP background / guidance | E34: CEB-FIP. (2007). FRP Reinforcement in Reinforced Concrete Structures. Lausanne, Switzerland: CEB-FIP. | G34: Guidance/reference source, not primary deck experiment. | H34: Manuscript title/content and bibliographic audit; specific factual details independently checked where source_url supplied. | K34: Context only; not a new slab-test population
A35: R029 | B35: Claure2016 | C35: secondary_review_report | D35: Field synthesis | E35: Claure, G., et al. (2016). FRP Reinforcement for Concrete: Volume III—Field Applications. Farmington Hills, MI: American Concrete Institute / ISIS Canada. | G35: Bibliographic identity questionable: legacy row 12 is Martin Spring Final Report, whereas manuscript calls this a field-application volume. Verify exact document before source-specific claims. | H35: Manuscript title/content and bibliographic audit; specific factual details independently checked where source_url supplied. | J35: 12 | K35: Context only; not a new slab-test population
A36: R030 | B36: Cristina2010 | C36: beam_background | D36: Serviceability | E36: Cristina B.P. (2010). Serviceability behaviour of fibre reinforced polymer reinforced concrete beams. Universitat de Girona. | G36: Beam thesis; malformed author name requires bibliographic correction; likely Cristina Barris Peña. | H36: Manuscript title/content and bibliographic audit; specific factual details independently checked where source_url supplied. | K36: Context only; not a new slab-test population
A37: R031 | B37: CSA2006 | C37: code_guidance | D37: Bridge design | E37: CSA Group. (2006). Canadian Highway Bridge Design Code (CAN/CSA S6-06). Toronto, Canada. | G37: Bridge code, not experiments. | H37: Manuscript title/content and bibliographic audit; specific factual details independently checked where source_url supplied. | K37: Context only; not a new slab-test population
A38: R032 | B38: CSA2012 | C38: code_guidance | D38: FRP building design | E38: CSA Group. (2012). Design and Construction of Building Structures with Fibre-Reinforced Polymers (CSA S806-12). Toronto, Canada. | G38: Code, not experiments. | H38: Manuscript title/content and bibliographic audit; specific factual details independently checked where source_url supplied. | K38: Context only; not a new slab-test population
A39: R033 | B39: CSA2025 | C39: code_guidance | D39: Bridge design | E39: CSA Group. (2025). Canadian Highway Bridge Design Code (CSA S6:25). Toronto, Canada. | G39: Code, not experiments. | H39: Manuscript title/content and bibliographic audit; specific factual details independently checked where source_url supplied. | K39: Context only; not a new slab-test population
A40: R034 | B40: ElGamalThesis2005 | C40: slab_experimental_report | D40: Punching / CMA | E40: El-Gamal, S. (2005). Behaviour of Restrained Concrete Bridge Deck Slabs Reinforced with FRP Reinforcing Bars under Concentrated Loads (Doctoral dissertation). Université de Sherbrooke, Sherbrooke, Canada. | G40: Thesis; potential overlap with El-Gamal et al. 2005 and other Sherbrooke laboratory papers. | H40: Manuscript title/content and bibliographic audit; specific factual details independently checked where source_url supplied. | K40: Included in Study Register
A41: R035 | B41: ElGamal2005 | C41: slab_experimental_report | D41: Punching / CMA | E41: El-Gamal, S., El-Salakawy, E., & Benmokrane, B. (2005). Behavior of concrete bridge deck slabs reinforced with fiber-reinforced polymer bars under concentrated loads. ACI Structural Journal, 102(5), 727–735. | G41: Six full-scale deck slabs (3 GFRP, 2 CFRP, 1 steel) per source abstract; potential overlap with thesis. | H41: Manuscript title/content and bibliographic audit; specific factual details independently checked where source_url supplied. | I41: https://squ.elsevierpure.com/en/publications/behavior-of-concrete-bridge-deck-slabs-reinforced-with-fiber-rein/ | J41: 26 | K41: Included in Study Register
A42: R036 | B42: ElRagaby2011 | C42: slab_experimental_report | D42: Environmental-fatigue | E42: El-Ragaby, A., & El-Salakawy, E. F. (2011). Effect of severe environmental and loading conditions on GFRP-RC bridge deck slabs. ACI Symposium Publication SP-275, 1–20. | G42: Deck experiments under severe environmental and repeated-load conditions; independent programs/specimens need source-level audit. | H42: Manuscript title/content and bibliographic audit; specific factual details independently checked where source_url supplied. | I42: https://www.concrete.org/publications/internationalconcreteabstractsportal.aspx?i=51682472&m=details | K42: Included in Study Register
A43: R037 | B43: ElRagaby2007a | C43: secondary_numerical_model | D43: Fatigue analysis | E43: El-Ragaby, A., El-Salakawy, E. F., & Benmokrane, B. (2007a). Fatigue analysis of concrete bridge deck slabs reinforced with E-glass/vinyl ester FRP reinforcing bars. Composites Part B: Engineering, 38(5–6), 703–711. | G43: Fatigue analysis paper linked to laboratory program reported in 2007b; do not count two independent programs. | H43: Manuscript title/content and bibliographic audit; specific factual details independently checked where source_url supplied. | I43: https://www.sciencedirect.com/science/article/pii/S1359836806001752 | J43: 3 | K43: Context only; not a new slab-test population
A44: R038 | B44: ElRagaby2003 | C44: field_report | D44: Wotton field | E44: El-Ragaby, A., El-Salakawy, E., & Benmokrane, B. (2003). Design, construction and testing of a bridge deck reinforced with glass and carbon FRP bars: Wotton Bridge, Quebec. Proceedings of the CSCE Annual Conference, Moncton, Canada. | G44: Primary Wotton Bridge report; proof/truck loading, not failure test. | H44: Manuscript title/content and bibliographic audit; specific factual details independently checked where source_url supplied. | K44: Included in Study Register
A45: R039 | B45: ElRagaby2007b | C45: slab_experimental_report | D45: Fatigue life | E45: El-Ragaby, A., El-Salakawy, E., & Benmokrane, B. (2007b). Fatigue life evaluation of concrete bridge deck slabs reinforced with glass FRP composite bars. Journal of Composites for Construction, 11(3), 258–268. | G45: Primary GFRP deck fatigue experimental program; companion 2007a reuses evidence. | H45: Manuscript title/content and bibliographic audit; specific factual details independently checked where source_url supplied. | I45: https://ascelibrary.org/doi/10.1061/%28ASCE%291090-0268%282007%2911%3A3%28258%29 | J45: 7 | K45: Included in Study Register
A46: R040 | B46: ElSalakawy2004 | C46: slab_experimental_report | D46: Serviceability | E46: El-Salakawy, E., & Benmokrane, B. (2004). Serviceability of concrete bridge deck slabs reinforced with fiber-reinforced polymer composite bars. ACI Structural Journal, 101(5), 727-736. | G46: Ten full-size one-way slabs 3100x1000x200 mm per ACI abstract; distinguish one-way test idealization from restrained two-way deck. | H46: Manuscript title/content and bibliographic audit; specific factual details independently checked where source_url supplied. | I46: https://www.concrete.org/publications/internationalconcreteabstractsportal.aspx?ID=13395&m=details | K46: Included in Study Register
A47: R041 | B47: ElSalakawy2005 | C47: field_report | D47: Cookshire-Eaton field | E47: El-Salakawy, E., Benmokrane, B., El-Ragaby, A., & Nadeau, D. (2005). Field investigation on the first bridge deck slab reinforced with glass FRP bars constructed in Canada. Journal of Composites for Construction, 9(6), 470–479. | G47: Primary field bridge investigation; proof-load/service response. | H47: Manuscript title/content and bibliographic audit; specific factual details independently checked where source_url supplied. | I47: https://ascelibrary.org/doi/10.1061/%28ASCE%291090-0268%282005%299%3A6%28470%29 | J47: 14, 17 | K47: Included in Study Register
A48: R042 | B48: ElSayed2005a | C48: beam_background | D48: One-way shear | E48: El-Sayed, A. K., El-Salakawy, E. F., & Benmokrane, B. (2005a). Shear strength of concrete beams reinforced with FRP bars: Design method. ACI Symposium Publication SP-230, 955–974. | G48: Beam-based shear-design source; distinguish from 2005b slabs. | H48: Manuscript title/content and bibliographic audit; specific factual details independently checked where source_url supplied. | K48: Context only; not a new slab-test population
A49: R043 | B49: ElSayed2005b | C49: slab_experimental_report | D49: One-way shear | E49: El-Sayed, A., El-Salakawy, E., & Benmokrane, B. (2005b). Shear strength of one-way concrete slabs reinforced with fiber-reinforced polymer composite bars. Journal of Composites for Construction, 9(2), 147-157. | G49: One-way FRP slab laboratory experiments. | H49: Manuscript title/content and bibliographic audit; specific factual details independently checked where source_url supplied. | I49: https://ascelibrary.com/doi/abs/10.1061/%28ASCE%291090-0268%282005%299%3A2%28147%29 | K49: Included in Study Register
A50: R044 | B50: Elgabbas2016 | C50: slab_experimental_report | D50: Punching / CMA | E50: Elgabbas, F., Ahmed, E., & Benmokrane, B. (2016). Experimental Testing of Concrete Bridge-Deck Slabs Reinforced with Basalt-FRP Reinforcing Bars under Concentrated Loads. Journal of Bridge Engineering, 21, 04016029. | G50: Seven slabs: six BFRP and one steel control. Six edge-restrained and one unrestrained slab; historical G-S2/C-S2 comparisons in Table3 are not new Elgabbas2016 specimens. | H50: Manuscript title/content and bibliographic audit; specific factual details independently checked where source_url supplied. | I50: https://doi.org/10.1061/(ASCE)BE.1943-5592.0000892 | J50: 31 | K50: Included in Study Register
